PRIMERPERIODO,T,ESTATUSALUMNO,TITULACION,PRV,PRM,PAA,CatPAA,PREPA,CatPrepa,LocalForanea,CIUDADPREPA,ESTADOPREPA,CodEstado,PROMPRE,CatPromPre,BECA,CREDITO,CATFIN,PROMSEM1,EDADING,CatEdad,SEXO,IdSexo,E,ECR2
2004,15,Egresado,Titulado,534,610,1144,1,PREPARATORIA MEXICO *9555,2,2,CIUDAD GUZMAN,JALISCO,15,83,2,0,0,1,8.33,17.29,1,M,1,0,0
2004,12,Egresado,Titulado,0,0,0,3,INSTITUTO DE CIENCIAS *10059,2,1,GUADALAJARA,JALISCO,15,91,3,0,30,2,8.60,17.94,1,M,1,0,3
2004,11,Egresado,Titulado,618,661,1279,2,PREPARATORIA REGIONAL DE AMECA *10173,1,2,AMECA,JALISCO,15,81,2,0,35,2,7.86,18.51,1,M,1,0,3
2004,18,Egresado,Pendiente,0,0,0,3,COLEGIO GUADALAJARA *10181,2,1,ZAPOPAN,JALISCO,15,89,2,0,0,1,8.38,18.76,1,M,1,0,0
2004,11,Baja,Pendiente,0,0,0,3,PREPARATORIA LA PAZ *10199,2,1,GUADALAJARA,JALISCO,15,94,3,0,0,1,7.88,19.92,2,F,2,1,1
2004,8,Baja,Pendiente,618,738,1356,2,UNIVERSIDAD CUAUHTEMOC PLANTEL GUADALAJARA *10098,2,1,GUADALAJARA,JALISCO,15,75,1,30,35,2,7.75,18.50,1,M,1,1,1
2004,4,Baja,Pendiente,571,527,1098,1,CENTRO DE ESTUDIOS CIENTIFICOS Y TECNOLOGICOS VALLE DE ATEMAJAC *10060,2,1,GUADALAJARA,JALISCO,15,77,1,0,0,1,6.71,19.27,2,M,1,1,1
2004,9,Egresado,Titulado,664,726,1390,2,LICEO DEL BOSQUE *10214,2,1,GUADALAJARA,JALISCO,15,93,3,20,40,2,9.00,18.02,1,M,1,0,3
2004,9,Egresado,Titulado,553,610,1163,1,CENTRO DE ENSE헤NZA TECNICA INDUSTRIAL *10147,1,1,GUADALAJARA,JALISCO,15,82,2,0,50,2,8.38,18.82,1,M,1,0,3
2004,15,Egresado,Titulado,534,485,1019,1,ESCUELA PREPARATORIA AZTECA *10281,2,1,GUADALAJARA,JALISCO,15,78,1,0,0,1,6.86,19.69,2,M,1,0,0
2004,11,Egresado,Titulado,423,620,1043,1,COLEGIO GUADALAJARA *10181,2,1,ZAPOPAN,JALISCO,15,75,1,25,30,2,8.25,18.22,1,M,1,0,3
2004,17,Baja,Pendiente,562,558,1120,1,PREPARATORIA SANTA ANITA *10202,2,1,GUADALAJARA,JALISCO,15,78,1,30,35,2,8.00,19.66,2,M,1,0,0
2004,11,Egresado,Titulado,395,599,994,1,PREPARATORIA REGIONAL DE AMECA *10173,1,2,AMECA,JALISCO,15,89,2,30,0,2,7.25,18.38,1,M,1,0,3
2004,17,Egresado,Pendiente,534,672,1206,1,CENTRO DE BACHILLERATO TECNOLOGICO INDUSTRIAL Y DE SERVICIOS 21 * 12212,1,2,MEXICALI,BAJA CALIFORNIA,2,88,2,20,40,2,9.43,18.28,1,M,1,0,0
2004,11,Egresado,Titulado,516,651,1167,1,I.T.E.S.M. CAMPUS COLIMA *9381,2,2,COLIMA,COLIMA,9,79,1,10,0,2,7.00,18.62,1,M,1,0,3
2004,1,Baja,Pendiente,488,496,984,1,UNIVERSIDAD DE GUADALAJARA ESCUELA PREPARATORIA NO. 7 *10220,1,1,GUADALAJARA,JALISCO,15,73,1,0,0,1,6.88,20.08,2,M,1,1,1
2004,16,Baja,Pendiente,618,738,1356,2,COLEGIO CERVANTES *10067,2,1,GUADALAJARA,JALISCO,15,70,1,0,0,1,6.57,19.37,2,M,1,0,0
2004,9,Egresado,Titulado,608,672,1280,2,FRAY PEDRO DE GANTE *10077,2,2,COLIMA,COLIMA,9,87,2,0,0,1,8.38,18.02,1,M,1,0,3
2004,18,Baja,Pendiente,590,682,1272,2,PREPARATORIA FEBRES CORDERO *10070,2,1,GUADALAJARA,JALISCO,15,80,2,0,0,1,7.71,18.14,1,M,1,0,0
2004,14,Egresado,Titulado,0,0,0,3,PREPARATORIA FEBRES CORDERO *10070,2,1,GUADALAJARA,JALISCO,15,85,2,35,35,2,7.57,18.35,1,M,1,0,0
2004,11,Egresado,Titulado,507,703,1210,1,INSTITUTO COLON DE ZAMORA A.C.,2,2,ZAMORA,MICHOACAN,16,75,1,10,0,2,7.75,18.07,1,M,1,0,3
2004,10,Egresado,Titulado,618,726,1344,2,INSTITUTO TECNOL휺ICO Y DE ESTUDIOS SUPERIORES DE OCCIDENTE * 36541,2,1,TLAQUEPAQUE,JALISCO,15,82,2,10,0,2,8.25,18.17,1,M,1,0,3
2004,10,Egresado,Titulado,497,713,1210,1,CENTRO DE ENSE헤NZA TECNICA INDUSTRIAL *10147,1,1,GUADALAJARA,JALISCO,15,80,2,40,40,2,8.88,19.00,2,M,1,0,3
2005,13,Egresado,Titulado,0,0,0,3,BACHILLERATO DE LA UNIVERSIDAD DEL VALLE DE ATEMAJAC *10090,2,1,GUADALAJARA,JALISCO,15,97,3,30,30,2,9.00,19.64,2,M,1,0,0
2005,14,Baja,Pendiente,502,669,1171,1,INSTITUTO CUMBRES SAN JAVIER *10084,2,1,GUADALAJARA,JALISCO,15,77,1,0,0,1,6.60,20.22,2,M,1,0,0
2005,14,Egresado,Titulado,579,738,1317,2,CENTRO DE BACHILLERATO TECNOLOGICO INDUSTRIAL Y DE SERVICIOS 157 *75157,1,2,VILLA DE ALVAREZ,COLIMA,9,83,2,30,35,2,8.83,19.55,2,M,1,0,0
2005,12,Baja,Pendiente,515,577,1092,1,LICEO DEL VALLE *10061,2,1,GUADALAJARA,JALISCO,15,67,1,15,0,2,7.00,19.24,2,M,1,1,1
2005,10,Egresado,Titulado,559,655,1214,1,JOSE SIXTO VERDUZCO *10107,2,2,ZAMORA,MICHOACAN,16,71,1,30,35,2,8.71,17.94,1,M,1,0,3
2005,10,Egresado,Titulado,544,630,1174,1,C.E.C. Y T.E. DE ZACATECAS 002 PLANTEL TLALTENANGO * 65541,1,2,TLALTENANGO DE SANCHEZ ROMAN,ZACATECAS,32,83,2,0,0,1,7.50,18.22,1,M,1,0,3
2005,14,Egresado,Titulado,519,571,1090,1,COLEGIO CERVANTES DE TORREON *10396,2,2,TORREON,COAHUILA,8,75,1,10,0,2,7.71,20.55,2,M,1,0,0
2005,12,Baja,Pendiente,581,506,1087,1,INSTITUTO FRAY PEDRO DE GANTE *10038,2,2,COLIMA,COLIMA,9,73,1,0,0,1,8.13,19.62,2,M,1,1,1
2005,10,Egresado,Titulado,0,0,0,3,PREPARATORIA REGIONAL DE ZAPOTLANEJO *10278,1,1,ZAPOTLANEJO,JALISCO,15,76,1,0,0,1,8.63,19.72,2,M,1,0,3
2005,10,Egresado,Titulado,0,0,0,3,UNIVERSIDAD DE GUADALAJARA ESCUELA PREPARATORIA NO. 5 *10182,1,1,GUADALAJARA,JALISCO,15,90,3,35,35,2,9.13,18.45,1,M,1,0,3
2005,10,Egresado,Titulado,0,0,0,3,INSTITUTO TECNOL휺ICO Y DE ESTUDIOS SUPERIORES DE OCCIDENTE * 36541,2,1,TLAQUEPAQUE,JALISCO,15,92,3,0,50,2,9.25,18.38,1,M,1,0,3
2005,12,Baja,Pendiente,611,699,1310,2,CENTRO UNIVERSITARIO UNE * 65654,2,1,ZAPOPAN,JALISCO,15,76,1,0,0,1,6.63,18.41,1,M,1,1,1
2005,10,Egresado,Titulado,603,699,1302,2,PREPARATORIA MEXICO *9555,2,2,CIUDAD GUZMAN,JALISCO,15,95,3,0,25,2,9.13,19.42,2,M,1,0,3
2005,9,Egresado,Titulado,585,666,1251,2,CENTRO EDUCATIVO FREIRE *12346,2,1,ZAPOPAN,JALISCO,15,100,3,0,0,1,9.50,18.42,1,F,2,0,3
2005,10,Egresado,Titulado,0,0,0,3,INSTITUTO DE ESTUDIOS SUPERIORES DE LOS MOCHIS *10324,2,2,LOS MOCHIS,SINALOA,25,87,2,50,0,2,9.13,18.22,1,M,1,0,3
2005,9,Egresado,Titulado,0,0,0,3,COLEGIO MEXICO NUEVO *9693,2,1,ZAPOPAN,JALISCO,15,86,2,40,30,2,9.13,18.85,1,M,1,0,3
2005,15,Baja,Pendiente,570,699,1269,2,PREPARATORIA ANAHUAC REVOLUCION *10191,2,1,GUADALAJARA,JALISCO,15,69,1,20,40,2,8.17,20.43,2,M,1,0,0
2005,13,Baja,Pendiente,515,533,1048,1,UNIVERSIDAD DE GUADALAJARA ESCUELA PREPARATORIA NO. 7 *10220,1,1,GUADALAJARA,JALISCO,15,87,2,0,0,1,8.13,17.81,1,M,1,0,0
2005,16,Egresado,Titulado,559,666,1225,2,VASCO DE QUIROGA *10111,2,2,LA PIEDAD,MICHOACAN,16,74,1,0,30,2,8.83,17.63,1,M,1,0,0
2005,11,Egresado,Titulado,480,688,1168,1,UNIVERSIDAD AUTONOMA DE GUADALAJARA *10068,2,1,GUADALAJARA,JALISCO,15,85,2,0,0,1,8.29,18.07,1,M,1,0,3
2005,11,Egresado,Titulado,502,640,1142,1,INSTITUTO TECNOL휺ICO Y DE ESTUDIOS SUPERIORES DE OCCIDENTE * 36541,2,1,TLAQUEPAQUE,JALISCO,15,72,1,50,30,2,8.00,18.20,1,M,1,0,3
2005,11,Egresado,Titulado,596,669,1265,2,UNIVERSIDAD DE COLIMA BACHILLERATO TECNICO # 1  *9380,1,2,COLIMA,COLIMA,9,80,2,0,0,1,7.88,18.14,1,M,1,0,3
2005,10,Egresado,Titulado,467,650,1117,1,PREPARATORIA REGIONAL DE AMECA *10173,1,2,AMECA,JALISCO,15,87,2,35,35,2,8.13,17.86,1,M,1,0,3
2005,3,Baja,Pendiente,541,621,1162,1,COLEGIO GUADALAJARA SEP * 65541,2,1,ZAPOPAN,JALISCO,15,80,2,30,30,2,7.67,18.78,1,M,1,1,1
2005,10,Egresado,Titulado,516,599,1115,1,INSTITUTO DE CIENCIAS *10059,2,1,GUADALAJARA,JALISCO,15,81,2,40,35,2,8.57,20.16,2,M,1,0,3
2005,11,Egresado,Titulado,0,0,0,3,PREPARATORIA ANAHUAC REVOLUCION *10191,2,1,GUADALAJARA,JALISCO,15,84,2,0,0,1,9.25,19.31,2,M,1,0,3
2005,11,Egresado,Titulado,0,0,0,3,INSTITUTO CRISTOBAL COLON *200809,2,2,ZAMORA DE HIDALGO,MICHOACAN,16,88,2,20,40,2,8.25,19.54,2,M,1,0,3
2005,19,Egresado,Titulado,585,732,1317,2,CENTRO CULTURAL ALTE헲 *10054,2,2,ARANDAS,JALISCO,15,81,2,20,40,2,8.50,18.27,1,M,1,0,0
2005,10,Egresado,Titulado,611,732,1343,2,CENTRO CULTURAL ALTE헲 *10054,2,2,ARANDAS,JALISCO,15,83,2,0,35,2,9.43,17.72,1,M,1,0,3
2005,9,Egresado,Titulado,0,0,0,3,PREPARATORIA FEBRES CORDERO *10070,2,1,GUADALAJARA,JALISCO,15,86,2,0,0,1,9.29,17.87,1,M,1,0,3
2005,11,Egresado,Titulado,0,0,0,3,COLEGIO CERVANTES *10067,2,1,GUADALAJARA,JALISCO,15,89,2,40,30,2,8.88,18.90,1,F,2,0,3
2005,9,Egresado,Titulado,0,0,0,3,COLEGIO CERVANTES *10067,2,1,GUADALAJARA,JALISCO,15,88,2,35,35,2,8.63,17.95,1,M,1,0,3
2005,10,Egresado,Titulado,550,754,1304,2,PREPARATORIA ANAHUAC EXTENSION GARIBALDI *10212,2,1,GUADALAJARA,JALISCO,15,79,1,35,35,2,8.50,18.48,1,M,1,0,3
2005,8,Baja,Pendiente,497,610,1107,1,UNIVERSIDAD AUTONOMA DE GUADALAJARA *10068,2,1,GUADALAJARA,JALISCO,15,77,1,0,0,1,6.00,19.04,2,M,1,1,1
2005,10,Egresado,Titulado,585,779,1364,2,I.T.E.S.M. CAMPUS GUADALAJARA *10072,2,1,GUADALAJARA,JALISCO,15,87,2,0,30,2,7.13,18.80,1,F,2,0,3
2005,15,Egresado,Titulado,0,0,0,3,PREPARATORIA FEBRES CORDERO *10070,2,1,GUADALAJARA,JALISCO,15,84,2,0,30,2,7.43,18.37,1,M,1,0,0
2005,13,Egresado,Titulado,664,743,1407,2,SILVIANO CARRILLO *9553,2,2,CIUDAD GUZMAN,JALISCO,15,84,2,25,25,2,8.14,18.15,1,M,1,0,0
2005,9,Egresado,Titulado,611,772,1383,2,I.T.E.S.M. CAMPUS COLIMA *9381,2,2,COLIMA,COLIMA,9,93,3,20,40,2,9.38,18.62,1,M,1,0,3
2005,11,Egresado,Titulado,510,630,1140,1,I.T.E.S.M. CAMPUS SONORA NORTE *10136,2,2,HERMOSILLO,SONORA,26,81,2,10,0,2,8.63,18.30,1,M,1,0,3
2005,10,Egresado,Titulado,587,611,1198,1,I.T.E.S.M. CAMPUS GUADALAJARA *10072,2,1,GUADALAJARA,JALISCO,15,81,2,0,0,1,7.75,18.63,1,F,2,0,3
2005,11,Egresado,Titulado,0,0,0,3,COLEGIO CERVANTES *10067,2,1,GUADALAJARA,JALISCO,15,87,2,30,30,2,8.86,18.35,1,M,1,0,3
2006,17,Baja,Pendiente,200,289,489,1,PREPARATORIA LA PAZ *10199,2,1,GUADALAJARA,JALISCO,15,79,1,0,0,1,8.25,19.33,2,M,1,0,0
2006,9,Baja,Pendiente,800,800,1600,2,SISTEMA EDUCATIVO NACIONAL *10336,1,1,GUADALAJARA,JALISCO,15,74,1,0,0,1,6.50,20.01,2,M,1,1,1
2006,15,Baja,Pendiente,523,523,1046,1,AMERICA * 69887,2,2,ZAMORA DE HIDALGO,MICHOACAN,16,71,1,0,0,1,7.25,19.77,2,M,1,0,0
2006,7,Baja,Pendiente,624,770,1394,2,COLEGIO ALEMAN DE GUADALAJARA *10064,2,1,ZAPOPAN,JALISCO,15,82,2,0,0,1,7.00,19.52,2,M,1,1,1
2006,1,Cambio de plan,Pendiente,603,655,1258,2,JOSE SIXTO VERDUZCO *10107,2,2,ZAMORA,MICHOACAN,16,78,1,0,0,1,9.14,19.07,2,M,1,1,2
2006,1,Cambio de plan,Pendiente,647,581,1228,2,COLEGIO MEXICO NUEVO *9693,2,1,ZAPOPAN,JALISCO,15,69,1,0,0,1,8.86,20.03,2,M,1,1,2
2006,10,Egresado,Titulado,624,632,1256,2,PREPARATORIA ANAHUAC EXTENSION GARIBALDI *10212,2,1,GUADALAJARA,JALISCO,15,82,2,20,40,2,9.00,18.13,1,M,1,0,3
2006,19,Baja,Pendiente,640,632,1272,2,CENTRO DE ENSE헤NZA TECNICA INDUSTRIAL *10147,1,1,GUADALAJARA,JALISCO,15,74,1,20,30,2,7.83,20.05,2,M,1,0,0
2006,20,Baja,Pendiente,617,657,1274,2,I.T.E.S.M. CAMPUS GUADALAJARA *10072,2,1,GUADALAJARA,JALISCO,15,86,2,0,0,1,8.57,17.78,1,M,1,0,0
2006,13,Egresado,Titulado,594,688,1282,2,INSTITUTO TECNOL휺ICO Y DE ESTUDIOS SUPERIORES DE OCCIDENTE * 36541,2,1,TLAQUEPAQUE,JALISCO,15,81,2,20,40,2,8.88,20.29,2,M,1,0,0
2006,10,Egresado,Titulado,0,0,0,3,INSTITUTO DE CIENCIAS *10059,2,1,GUADALAJARA,JALISCO,15,91,3,0,0,1,9.00,19.97,2,M,1,0,3
2006,10,Egresado,Titulado,673,786,1459,2,I.T.E.S.M. CAMPUS GUADALAJARA *10072,2,1,GUADALAJARA,JALISCO,15,91,3,0,0,1,9.25,20.19,2,M,1,0,3
2006,4,Cambio de plan,Pendiente,632,641,1273,2,PREPARATORIA LA SALLE *10197,2,1,GUADALAJARA,JALISCO,15,76,1,40,35,2,8.86,19.79,2,M,1,1,2
2006,10,Egresado,Titulado,430,623,1053,1,COLEGIO ALTAMIRA *9684,2,1,ZAPOPAN,JALISCO,15,82,2,0,0,1,8.50,18.27,1,M,1,0,3
2006,9,Baja,Pendiente,0,0,0,3,COLEGIO GUADALAJARA SEP * 65541,2,1,ZAPOPAN,JALISCO,15,86,2,10,0,2,7.13,18.37,1,F,2,1,1
2006,9,Egresado,Titulado,0,0,0,3,PREPARATORIA ANAHUAC EXTENSION GARIBALDI *10212,2,1,GUADALAJARA,JALISCO,15,98,3,0,0,1,9.75,17.93,1,M,1,0,3
2006,10,Egresado,Titulado,0,0,0,3,COLEGIO CERVANTES *10067,2,1,GUADALAJARA,JALISCO,15,90,3,30,30,2,9.75,18.19,1,M,1,0,3
2006,10,Egresado,Titulado,0,0,0,3,COLEGIO GUADALAJARA SEP * 65541,2,1,ZAPOPAN,JALISCO,15,85,2,0,40,2,9.13,18.39,1,M,1,0,3
2006,7,Egresado,Titulado,0,0,0,3,UNIVERSIDAD DE GUADALAJARA ESCUELA PREPARATORIA NO. 7 *10220,1,1,GUADALAJARA,JALISCO,15,90,3,50,35,2,8.50,18.67,1,M,1,0,3
2006,10,Egresado,Titulado,674,745,1419,2,COLEGIO ANAHUAC *10081,2,1,ZAPOPAN,JALISCO,15,82,2,20,40,2,8.88,18.63,1,M,1,0,3
2006,10,Egresado,Titulado,0,0,0,3,COLEGIO ANAHUAC *10081,2,1,ZAPOPAN,JALISCO,15,85,2,0,40,2,9.00,17.98,1,M,1,0,3
2006,10,Egresado,Titulado,0,0,0,3,COLEGIO ANAHUAC *10081,2,1,ZAPOPAN,JALISCO,15,87,2,30,35,2,9.13,18.09,1,M,1,0,3
2006,10,Egresado,Titulado,640,695,1335,2,COLEGIO ANAHUAC *10081,2,1,ZAPOPAN,JALISCO,15,80,2,0,30,2,9.13,17.81,1,M,1,0,3
2006,9,Egresado,Titulado,0,0,0,3,INSTITUTO TECNOL휺ICO Y DE ESTUDIOS SUPERIORES DE OCCIDENTE * 36541,2,1,TLAQUEPAQUE,JALISCO,15,94,3,50,0,2,9.25,18.76,1,F,2,0,3
2006,10,Egresado,Titulado,741,695,1436,2,I.T.E.S.M. CAMPUS GUADALAJARA *10072,2,1,GUADALAJARA,JALISCO,15,88,2,0,40,2,8.75,19.47,2,M,1,0,3
2006,10,Egresado,Titulado,0,0,0,3,INSTITUTO CULTURAL TAMPICO *9957,2,2,TAMPICO,TAMAULIPAS,28,87,2,40,35,2,9.63,18.83,1,M,1,0,3
2006,11,Egresado,Titulado,649,686,1335,2,AMERICAN SCHOOL *9577,2,1,GUADALAJARA,JALISCO,15,75,1,0,0,1,8.25,19.16,2,M,1,0,3
2006,9,Egresado,Titulado,624,745,1369,2,I.T.E.S.M. CAMPUS GUADALAJARA *10072,2,1,GUADALAJARA,JALISCO,15,89,2,0,0,1,9.38,18.47,1,M,1,0,3
2006,9,Egresado,Titulado,531,632,1163,1,CENTRO DE BACHILLERATO TECNOLOGICO AGROPECUARIO 19 *10380,1,2,SAYULA,JALISCO,15,89,2,10,0,2,8.63,18.64,1,M,1,0,3
2006,14,Egresado,Titulado,556,587,1143,1,ESCUELA PREPARATORIA REGIONAL DE AUTLAN *10306,1,2,AUTLAN DE NAVARRO,JALISCO,15,94,3,20,40,2,8.25,18.07,1,M,1,0,0
2006,10,Egresado,Titulado,540,496,1036,1,COLEGIO GUADALAJARA SEP * 65541,2,1,ZAPOPAN,JALISCO,15,80,2,0,0,1,7.75,17.77,1,M,1,0,3
2006,15,Baja,Pendiente,0,0,0,3,CENTRO DE ENSE헤NZA TECNICA INDUSTRIAL *10147,1,1,GUADALAJARA,JALISCO,15,85,2,50,35,2,8.00,19.19,2,M,1,0,0
2006,14,Egresado,Titulado,0,0,0,3,CENTRO DE ENSE헤NZA TECNICA INDUSTRIAL *10147,1,1,GUADALAJARA,JALISCO,15,86,2,40,30,2,9.38,18.89,1,M,1,0,0
2006,9,Egresado,Titulado,649,745,1394,2,CENTRO DE ENSE헤NZA TECNICA INDUSTRIAL *10147,1,1,GUADALAJARA,JALISCO,15,84,2,35,35,2,9.25,18.95,2,M,1,0,3
2006,7,Egresado,Titulado,582,770,1352,2,CENTRO DE ENSE헤NZA TECNICA INDUSTRIAL *10147,1,1,GUADALAJARA,JALISCO,15,81,2,50,35,2,8.75,19.36,2,M,1,0,3
2006,7,Baja,Pendiente,582,632,1214,1,COLEGIO DE BACHILLERES DEL ESTADO DE BAJA CALIFORNIA SUR PLANTEL 04 CABO SAN LUCAS * 65541,1,2,LA PAZ,BAJA CALIFORNIA SUR,3,80,2,30,35,2,8.00,18.28,1,M,1,1,1
2006,9,Egresado,Titulado,607,668,1275,2,I.T.E.S.M. CAMPUS GUADALAJARA *10072,2,1,GUADALAJARA,JALISCO,15,85,2,0,0,1,9.25,19.10,2,M,1,0,3
2006,11,Egresado,Titulado,556,659,1215,1,CENTRO DE ENSE헤NZA TECNICA Y SUPERIOR *10027,2,2,ENSENADA,BAJA CALIFORNIA,2,81,2,0,0,1,7.63,19.76,2,M,1,0,3
2006,10,Egresado,Titulado,565,695,1260,2,PREPARATORIA REGIONAL DE SAN MARTIN HIDALGO * 65322,1,2,SAN MARTIN HIDALGO,JALISCO,15,97,3,35,35,2,9.38,17.94,1,M,1,0,3
2006,10,Egresado,Titulado,582,668,1250,2,UNIVERSIDAD DE COLIMA BACHILLERATO TECNICO # 4  *9382,1,2,COLIMA,COLIMA,9,91,3,0,30,2,9.13,18.73,1,M,1,0,3
2006,9,Egresado,Titulado,472,542,1014,1,INSTITUTO DE ESTUDIOS SUPERIORES DE LOS MOCHIS *10324,2,2,LOS MOCHIS,SINALOA,25,75,1,10,0,2,9.00,19.34,2,M,1,0,3
2006,13,Egresado,Titulado,0,0,0,3,VASCO DE QUIROGA *10111,2,2,LA PIEDAD,MICHOACAN,16,73,1,0,0,1,7.63,19.29,2,M,1,0,0
2006,11,Egresado,Titulado,632,770,1402,2,RESOLUCION DE REVALIDACION *10101,1,1,ZAPOPAN,JALISCO,15,80,2,0,0,1,7.88,20.91,2,M,1,0,3
2006,11,Baja,Pendiente,573,505,1078,1,PREPARATORIA LA PAZ *10199,2,1,GUADALAJARA,JALISCO,15,76,1,0,0,1,6.00,21.12,3,M,1,1,1
2006,7,Baja,Pendiente,733,720,1453,2,COLEGIO REFORMA *10216,2,1,GUADALAJARA,JALISCO,15,78,1,45,35,2,9.22,21.35,3,F,2,1,1
2006,10,Baja,Pendiente,565,770,1335,2,I.T.E.S.M. CAMPUS GUADALAJARA *10072,2,1,GUADALAJARA,JALISCO,15,84,2,0,0,1,8.78,18.07,1,M,1,1,1
2007,15,Egresado,Titulado,511,695,1206,1,COLEGIO ANAHUAC *10081,2,1,ZAPOPAN,JALISCO,15,66,1,0,0,1,7.40,18.99,2,M,1,0,0
2007,14,Egresado,Titulado,586,621,1207,1,INSTITUTO DE CIENCIAS *10059,2,1,GUADALAJARA,JALISCO,15,74,1,20,30,2,7.86,19.63,2,M,1,0,0
2007,11,Egresado,Titulado,533,663,1196,1,UNIVERSIDAD DE GUADALAJARA ESCUELA PREPARATORIA NO. 7 *10220,1,1,GUADALAJARA,JALISCO,15,70,1,30,35,2,7.71,21.99,3,M,1,0,3
2007,10,Egresado,Titulado,565,650,1215,1,INSTITUTO DE CIENCIAS *10059,2,1,GUADALAJARA,JALISCO,15,82,2,0,0,1,8.57,19.78,2,M,1,0,3
2007,1,Cambio de plan,Pendiente,0,0,0,3,COLEGIO CERVANTES *10067,2,1,GUADALAJARA,JALISCO,15,89,2,0,0,1,9.13,20.03,2,F,2,1,2
2007,9,Egresado,Titulado,0,0,0,3,INSTITUTO TECNOL휺ICO Y DE ESTUDIOS SUPERIORES DE OCCIDENTE * 36541,2,1,TLAQUEPAQUE,JALISCO,15,96,3,0,0,1,9.25,19.12,2,F,2,0,3
2007,12,Egresado,Titulado,556,745,1301,2,CAMPOVERDE MANZANILLO * 200710,2,2,COLIMA,COLIMA,9,77,1,0,0,1,6.63,19.28,2,M,1,0,3
2007,9,Egresado,Titulado,565,526,1091,1,INSTITUTO VALLADOLID PREPARATORIA *10109,2,2,MORELIA,MICHOACAN,16,79,1,0,0,1,8.00,18.36,1,M,1,0,3
2007,9,Egresado,Titulado,661,737,1398,2,AMERICA * 69887,2,2,ZAMORA DE HIDALGO,MICHOACAN,16,86,2,10,0,2,7.75,18.38,1,M,1,0,3
2007,11,Egresado,Titulado,0,0,0,3,COLEGIO CERVANTES *10067,2,1,GUADALAJARA,JALISCO,15,91,3,60,5,2,9.38,18.19,1,M,1,0,3
2007,8,Egresado,Titulado,0,0,0,3,VASCO DE QUIROGA *10111,2,2,LA PIEDAD,MICHOACAN,16,99,3,50,30,2,9.88,17.88,1,M,1,0,3
2007,10,Egresado,Titulado,607,600,1207,1,CENTRO DE ENSE헤NZA TECNICA INDUSTRIAL *10147,1,1,GUADALAJARA,JALISCO,15,83,2,20,40,2,8.38,19.14,2,M,1,0,3
2007,10,Egresado,Titulado,0,0,0,3,CENTRO DE DESARROLLO INTEGRAL ARBOLEDAS * 15211,2,1,ZAPOPAN,JALISCO,15,96,3,0,0,1,9.63,18.08,1,M,1,0,3
2007,6,Cambio de plan,Pendiente,682,779,1461,2,CENTRO DE DESARROLLO INTEGRAL ARBOLEDAS * 15211,2,1,ZAPOPAN,JALISCO,15,82,2,0,0,1,8.88,18.66,1,M,1,1,2
2007,5,Baja,Pendiente,436,579,1015,1,SISTEMA EDUCATIVO NACIONAL *10336,1,1,GUADALAJARA,JALISCO,15,81,2,10,0,2,7.13,20.14,2,M,1,1,1
2007,9,Egresado,Titulado,0,0,0,3,UNIVERSIDAD DE GUADALAJARA ESCUELA PREPARATORIA NO. 5 *10182,1,1,GUADALAJARA,JALISCO,15,93,3,30,35,2,9.13,18.03,1,M,1,0,3
2007,2,Baja,Pendiente,650,737,1387,2,I.T.E.S.M. CAMPUS GUADALAJARA *10072,2,1,GUADALAJARA,JALISCO,15,84,2,0,0,1,7.13,18.53,1,F,2,1,1
2007,11,Egresado,Titulado,0,0,0,3,PREPARATORIA MEXICO *9555,2,2,CIUDAD GUZMAN,JALISCO,15,88,2,0,30,2,7.88,18.56,1,M,1,0,3
2007,15,Baja,Pendiente,0,0,0,3,PREPARATORIA MEXICO *9555,2,2,CIUDAD GUZMAN,JALISCO,15,89,2,0,30,2,7.75,18.07,1,M,1,0,0
2007,11,Egresado,Titulado,436,705,1141,1,CENTRO UNIVERSITARIO GUADALAJARA LAMAR *10210,2,1,GUADALAJARA,JALISCO,15,72,1,0,0,1,7.50,18.89,1,M,1,0,3
2007,5,Cambio de plan,Pendiente,0,0,0,3,BACHILLERATO TECNOLOGICO DE EL GRULLO *9701,1,2,EL GRULLO,JALISCO,15,92,3,30,35,2,7.75,17.96,1,M,1,1,2
2007,12,Egresado,Titulado,565,558,1123,1,INSTITUTO LA PAZ * 32254,2,2,URUAPAN,MICHOACAN,16,76,1,0,0,1,7.63,17.96,1,M,1,0,3
2007,3,Baja,Pendiente,682,695,1377,2,I.T.E.S.M. CAMPUS SINALOA *9874,2,2,CULIACAN,SINALOA,25,93,3,20,40,2,8.63,18.33,1,M,1,1,1
2007,12,Egresado,Titulado,533,663,1196,1,CENTRO EDUCATIVO REGIONAL DE ATOTONILCO * 24545,2,2,ATOTONILCO EL ALTO,JALISCO,15,79,1,0,0,1,7.38,18.33,1,M,1,0,3
2007,10,Egresado,Titulado,0,0,0,3,CENTRO EDUCATIVO REGIONAL DE ATOTONILCO * 24545,2,2,ATOTONILCO EL ALTO,JALISCO,15,90,3,0,40,2,7.50,18.26,1,M,1,0,3
2007,11,Egresado,Titulado,618,537,1155,1,CENTRO DE ENSE헤NZA TECNICA INDUSTRIAL *10147,1,1,GUADALAJARA,JALISCO,15,80,2,40,35,2,7.88,19.65,2,M,1,0,3
2007,23,Activo,Pendiente,0,0,0,3,UNIVERSIDAD DE GUADALAJARA ESCUELA PREPARATORIA NO. 5 *10182,1,1,GUADALAJARA,JALISCO,15,93,3,100,0,2,8.00,18.23,1,M,1,0,0
2007,12,Egresado,Pendiente,404,516,920,1,FRAY PEDRO DE GANTE *10037,2,2,COLIMA,COLIMA,9,77,1,0,0,1,6.38,18.68,1,M,1,0,3
2007,11,Egresado,Pendiente,575,642,1217,1,INSTITUTO FRAY PEDRO DE GANTE *10038,2,2,COLIMA,COLIMA,9,81,2,0,0,1,8.25,18.55,1,M,1,0,3
2007,8,Baja,Pendiente,351,600,951,1,CENTRO DE BACHILLERATO TECNOLOGICO INDUSTRIAL Y DE SERVICIOS 51 *9910,1,2,MAZATLAN,SINALOA,25,84,2,0,0,1,6.50,17.72,1,M,1,1,1
2007,10,Egresado,Titulado,607,695,1302,2,I.T.E.S.M. CAMPUS GUADALAJARA *10072,2,1,GUADALAJARA,JALISCO,15,70,1,0,0,1,7.50,19.62,2,M,1,0,3
2007,10,Egresado,Titulado,693,779,1472,2,I.T.E.S.M. CAMPUS GUADALAJARA *10072,2,1,GUADALAJARA,JALISCO,15,89,2,20,40,2,9.00,19.55,2,M,1,0,3
2007,12,Baja,Pendiente,511,621,1132,1,INSTITUTO PENINSULAR BACHILLERATO *200704,2,2,LA PAZ,BAJA CALIFORNIA SUR,3,88,2,0,0,1,8.00,19.63,2,M,1,1,1
2007,1,Baja,Pendiente,511,484,995,1,INSTITUTO LINCOLN *200711,2,2,MONTERREY,NUEVO LEON,19,90,3,0,0,1,5.00,21.49,3,M,1,1,1
2007,4,Baja,Pendiente,522,569,1091,1,CENTRO DE ESTUDIOS CIENTIFICOS Y TECNOLOGICOS VALLE DE ATEMAJAC *10060,2,1,GUADALAJARA,JALISCO,15,83,2,0,0,1,9.00,19.59,2,M,1,1,1
2007,11,Egresado,Titulado,468,726,1194,1,COLEGIO MORELOS DE TEPATITLAN SEP *98545,2,2,TEPATITLAN DE MORELOS,JALISCO,15,76,1,0,0,1,8.13,17.91,1,M,1,0,3
2007,4,Baja,Pendiente,447,526,973,1,PREPARATORIA MEXICO *9555,2,2,CIUDAD GUZMAN,JALISCO,15,74,1,0,0,1,6.88,17.20,1,M,1,1,1
2007,11,Egresado,Titulado,607,737,1344,2,LICEO DEL VALLE *10061,2,1,GUADALAJARA,JALISCO,15,73,1,0,0,1,8.50,20.39,2,M,1,0,3
2007,14,Egresado,Titulado,543,674,1217,1,LICEO DEL VALLE *10061,2,1,GUADALAJARA,JALISCO,15,70,1,10,0,2,8.75,19.71,2,M,1,0,0
2007,2,Baja,Pendiente,640,705,1345,2,UNIVERSIDAD DE GUADALAJARA ESCUELA PREPARATORIA NO. 5 *10182,1,1,GUADALAJARA,JALISCO,15,79,1,0,40,2,8.63,18.51,1,M,1,1,1
2007,11,Baja,Pendiente,533,632,1165,1,UNIVERSIDAD TEC MILENIO GUADALAJARA * 65455,2,1,ZAPOPAN,JALISCO,15,77,1,15,0,2,7.63,19.61,2,M,1,1,1
2007,10,Egresado,Titulado,682,695,1377,2,BACHILLERATO DE LA UNIVERSIDAD LATINA DE AMERICA *9744,2,2,MORELIA,MICHOACAN,16,68,1,0,0,1,8.38,23.27,3,M,1,0,3
2007,10,Egresado,Titulado,650,716,1366,2,JUAN DE SAN MIGUEL *10110,2,2,URUAPAN,MICHOACAN,16,73,1,0,40,2,8.38,18.03,1,M,1,0,3
2007,12,Egresado,Pendiente,490,674,1164,1,I.T.E.S.M. CAMPUS MORELIA * 65574,2,2,MORELIA,MICHOACAN,16,80,2,0,0,1,7.29,21.71,3,M,1,0,3
2007,11,Egresado,Titulado,533,547,1080,1,PREPARATORIA MAESTRO JOSE VASCONCELOS * 66654,2,2,LA PAZ,BAJA CALIFORNIA SUR,3,82,2,0,0,1,7.25,18.71,1,M,1,0,3
2007,13,Egresado,Titulado,521,642,1163,1,UNIVERSIDAD DE GUADALAJARA ESCUELA PREPARATORIA NO. 8 *10194,1,1,GUADALAJARA,JALISCO,15,87,2,0,0,1,7.75,18.11,1,M,1,0,0
2007,11,Egresado,Titulado,0,0,0,3,CENTRO DE ENSE헤NZA TECNICA INDUSTRIAL *10147,1,1,GUADALAJARA,JALISCO,15,88,2,30,35,2,8.90,20.53,2,M,1,0,3
2008,10,Egresado,Titulado,508,564,1072,1,PREPARATORIA FEBRES CORDERO *10070,2,1,GUADALAJARA,JALISCO,15,72,1,0,40,2,8.17,18.55,1,M,1,0,3
2008,7,Baja,Pendiente,768,564,1332,2,UNIVERSIDAD TECNOLOGICA DE MEXICO PLANTEL ZAPOPAN * 65854,2,1,GUADALAJARA,JALISCO,15,71,1,0,0,1,6.60,17.95,1,M,1,1,1
2008,9,Egresado,Titulado,778,665,1443,2,I.T.E.S.M. CAMPUS TOLUCA *9485,2,2,TOLUCA,ESTADO DE MEXICO,11,86,2,10,0,2,9.43,18.87,1,M,1,0,3
2008,11,Egresado,Titulado,519,575,1094,1,PREPARATORIA ANAHUAC REVOLUCION *10191,2,1,GUADALAJARA,JALISCO,15,75,1,0,40,2,8.14,18.58,1,M,1,0,3
2008,15,Egresado,Titulado,0,0,0,3,FRAY PEDRO DE GANTE *10077,2,2,COLIMA,COLIMA,9,90,3,0,0,1,8.00,17.87,1,M,1,0,0
2008,5,Baja,Pendiente,632,695,1327,2,ACREDITACION ACUERDO 286 SECRETARIA DE EDUCACION PUBLICA *32254,1,2,NAUCALPAN DE JUAREZ,ESTADO DE MEXICO,11,75,1,0,0,1,6.67,23.67,3,M,1,1,1
2008,11,Egresado,Titulado,554,779,1333,2,INSTITUTO DE CIENCIAS *10059,2,1,GUADALAJARA,JALISCO,15,81,2,0,20,2,8.14,19.77,2,M,1,0,3
2008,10,Egresado,Titulado,0,0,0,3,INSTITUTO DE CIENCIAS *10059,2,1,GUADALAJARA,JALISCO,15,94,3,10,0,2,9.25,19.16,2,M,1,0,3
2008,10,Egresado,Titulado,0,0,0,3,INSTITUTO DE CIENCIAS *10059,2,1,GUADALAJARA,JALISCO,15,85,2,20,40,2,9.13,20.08,2,F,2,0,3
2008,10,Egresado,Titulado,543,684,1227,2,INSTITUTO DE CIENCIAS *10059,2,1,GUADALAJARA,JALISCO,15,74,1,0,0,1,8.29,19.51,2,M,1,0,3
2008,10,Egresado,Titulado,490,684,1174,1,COLEGIO TERESA DE AVILA LAGOS *10251,2,2,AGUASCALIENTES,AGUASCALIENTES,1,73,1,10,0,2,8.29,19.40,2,M,1,0,3
2008,5,Baja,Pendiente,200,274,474,1,COLEGIO MEXICO NUEVO *9693,2,1,ZAPOPAN,JALISCO,15,68,1,20,30,2,6.25,20.62,2,M,1,1,1
2008,10,Egresado,Titulado,490,621,1111,1,COLEGIO GUADALAJARA SEP * 65541,2,1,ZAPOPAN,JALISCO,15,73,1,0,0,1,8.86,19.59,2,M,1,0,3
2008,10,Egresado,Titulado,0,0,0,3,COLEGIO CAMPOVERDE*200707,2,2,COLIMA,COLIMA,9,92,3,10,0,2,9.13,19.50,2,M,1,0,3
2008,12,Baja,Pendiente,597,758,1355,2,COLEGIO CERVANTES *10067,2,1,GUADALAJARA,JALISCO,15,78,1,0,0,1,8.38,19.11,2,M,1,1,1
2008,12,Baja,Pendiente,554,747,1301,2,SISTEMA EDUCATIVO NACIONAL *10345,1,2,COAHUILA,COAHUILA,8,74,1,0,0,1,6.57,20.20,2,M,1,1,1
2008,9,Egresado,Titulado,671,721,1392,2,PREPARATORIA ANAHUAC REVOLUCION *10191,2,1,GUADALAJARA,JALISCO,15,75,1,20,30,2,9.25,19.19,2,M,1,0,3
2008,12,Egresado,Titulado,499,570,1069,1,LICEO DEL VALLE *10061,2,1,GUADALAJARA,JALISCO,15,71,1,0,0,1,9.00,18.16,1,M,1,0,3
2008,10,Egresado,Titulado,768,687,1455,2,COLEGIO CERVANTES *10067,2,1,GUADALAJARA,JALISCO,15,81,2,0,0,1,8.88,19.59,2,M,1,0,3
2008,5,Baja,Pendiente,737,743,1480,2,CENTRO DE DESARROLLO INTEGRAL ARBOLEDAS * 15211,2,1,ZAPOPAN,JALISCO,15,84,2,0,50,2,8.75,18.44,1,M,1,1,1
2008,18,Baja,Pendiente,789,699,1488,2,PREPARATORIA ANAHUAC REVOLUCION *10191,2,1,GUADALAJARA,JALISCO,15,74,1,10,0,2,9.13,18.32,1,F,2,0,0
2008,10,Egresado,Titulado,0,0,0,3,INSTITUTO DE CIENCIAS *10059,2,1,GUADALAJARA,JALISCO,15,83,2,0,0,1,9.13,19.11,2,M,1,0,3
2008,10,Egresado,Titulado,0,0,0,3,INSTITUTO DE CIENCIAS *10059,2,1,GUADALAJARA,JALISCO,15,87,2,15,30,2,8.88,17.98,1,M,1,0,3
2008,11,Egresado,Titulado,726,665,1391,2,INSTITUTO DE CIENCIAS *10059,2,1,GUADALAJARA,JALISCO,15,82,2,0,20,2,8.38,18.79,1,M,1,0,3
2008,9,Egresado,Titulado,737,654,1391,2,INSTITUTO DE CIENCIAS *10059,2,1,GUADALAJARA,JALISCO,15,75,1,0,30,2,9.13,19.54,2,M,1,0,3
2008,4,Baja,Pendiente,0,0,0,3,BACHILLERATO SOR JUANA INES DE LA CRUZ GUASAVE * 55442,2,2,GUASAVE,SINALOA,25,91,3,0,0,1,8.13,18.78,1,M,1,1,1
2008,11,Egresado,Titulado,614,746,1360,2,INSTITUTO DE ESTUDIOS SUPERIORES DE LOS MOCHIS *10324,2,2,LOS MOCHIS,SINALOA,25,83,2,10,0,2,8.50,19.06,2,M,1,0,3
2008,9,Egresado,Titulado,425,609,1034,1,PREPARATORIA REGIONAL DE ATOTONILCO *9551,1,2,ATOTONILCO EL ALTO,JALISCO,15,86,2,30,35,2,9.00,18.14,1,M,1,0,3
2008,9,Egresado,Titulado,606,714,1320,2,INSTITUTO LA PAZ * 32254,2,2,URUAPAN,MICHOACAN,16,85,2,0,50,2,9.13,18.33,1,M,1,0,3
2008,10,Egresado,Titulado,685,575,1260,2,PREPARATORIA FEBRES CORDERO *10070,2,1,GUADALAJARA,JALISCO,15,80,2,0,0,1,8.75,18.30,1,M,1,0,3
2008,8,Baja,Pendiente,566,613,1179,1,COLEGIO ESPERANZA *20082,2,2,AGUASCALIENTES,AGUASCALIENTES,1,85,2,0,0,1,8.13,17.45,1,M,1,1,1
2008,10,Egresado,Titulado,768,654,1422,2,COLEGIO ALEMAN DE GUADALAJARA *10064,2,1,ZAPOPAN,JALISCO,15,76,1,0,0,1,8.50,19.93,2,M,1,0,3
2008,9,Egresado,Titulado,699,746,1445,2,PREPARATORIA MAESTRO JOSE VASCONCELOS * 66654,2,2,LA PAZ,BAJA CALIFORNIA SUR,3,97,3,0,0,1,9.63,19.20,2,M,1,0,3
2008,12,Egresado,Titulado,551,673,1224,1,UNIVERSIDAD DE GUADALAJARA ESCUELA PREPARATORIA NO. 12 *10198,1,1,GUADALAJARA,JALISCO,15,81,2,70,20,2,8.25,19.12,2,M,1,0,3
2008,9,Egresado,Titulado,0,0,0,3,INSTITUTO FRANCISCO I. MADERO *10184,2,1,ZAPOPAN,JALISCO,15,95,3,50,0,2,9.63,17.90,1,F,2,0,3
2008,9,Egresado,Titulado,0,0,0,3,PREPARATORIA FEBRES CORDERO *10070,2,1,GUADALAJARA,JALISCO,15,92,3,35,35,2,9.38,18.69,1,M,1,0,3
2008,10,Baja,Pendiente,487,575,1062,1,I.T.E.S.M. CAMPUS ZACATECAS *10143,2,2,GUADALUPE,ZACATECAS,32,78,1,0,0,1,7.13,19.80,2,M,1,1,1
2008,13,Egresado,Titulado,602,497,1099,1,LICEO DEL VALLE *10061,2,1,GUADALAJARA,JALISCO,15,72,1,0,0,1,7.50,18.42,1,M,1,0,0
2008,9,Egresado,Titulado,200,246,446,1,COLEGIO ANAHUAC *10081,2,1,ZAPOPAN,JALISCO,15,78,1,10,0,2,8.75,18.38,1,M,1,0,3
2008,7,Baja,Pendiente,200,246,446,1,PREPARATORIA MEXICO *9555,2,2,CIUDAD GUZMAN,JALISCO,15,77,1,0,0,1,6.38,18.03,1,M,1,1,1
2008,9,Egresado,Titulado,604,689,1293,2,INSTITUTO CULTURAL TAMPICO *9957,2,2,TAMPICO,TAMAULIPAS,28,81,2,10,0,2,9.38,18.84,1,M,1,0,3
2008,10,Egresado,Titulado,0,0,0,3,CENTRO DE ENSE헤NZA TECNICA INDUSTRIAL *10147,1,1,GUADALAJARA,JALISCO,15,85,2,0,30,2,8.50,19.63,2,M,1,0,3
2008,1,Baja,Pendiente,0,0,0,3,FRAY PEDRO DE GANTE *10077,2,2,COLIMA,COLIMA,9,94,3,10,40,2,9.00,17.91,1,M,1,1,1
2008,9,Egresado,Titulado,708,708,1416,2,COLEGIO DE CIENCIAS Y LETRAS DE TEPIC *9799,2,2,TEPIC,NAYARIT,18,99,3,0,0,1,9.63,18.32,1,M,1,0,3
2008,3,Baja,Pendiente,518,570,1088,1,CENTRO DE BACHILLERATO TECNOLOGICO AGROPECUARIO 19 *10380,1,2,SAYULA,JALISCO,15,80,2,10,0,2,7.75,19.09,2,M,1,1,1
2008,9,Egresado,Titulado,595,721,1316,2,UNIVERSIDAD DE GUADALAJARA ESCUELA PREPARATORIA NO. 9 *10193,1,1,GUADALAJARA,JALISCO,15,87,2,20,30,2,8.50,17.83,1,M,1,0,3
2008,11,Baja,Pendiente,681,759,1440,2,I.T.E.S.M. CAMPUS IRAPUATO *9497,2,2,IRAPUATO,GUANAJUATO,12,83,2,0,0,1,7.38,19.55,2,M,1,1,1
2008,5,Baja,Pendiente,622,643,1265,2,INSTITUTO DE ESTUDIOS SUPERIORES DE LOS MOCHIS *10324,2,2,LOS MOCHIS,SINALOA,25,77,1,0,0,1,7.50,20.44,2,M,1,1,1
2008,5,Baja,Pendiente,425,676,1101,1,INSTITUTO DARWIN DE EDUCACION ACTIVA * 30260,2,2,CULIACAN,SINALOA,25,71,1,0,0,1,7.29,19.75,2,M,1,1,1
2008,9,Egresado,Titulado,0,0,0,3,INSTITUTO LA SALLE * 15212,2,2,CIUDAD OBREGON,SONORA,26,89,2,40,35,2,8.25,19.38,2,M,1,0,3
2008,14,Egresado,Titulado,674,699,1373,2,COLEGIO BOSQUES TAPACHULA * 65544,2,2,TAPACHULA,CHIAPAS,5,82,2,35,35,2,8.63,19.06,2,M,1,0,0
2008,12,Egresado,Titulado,674,676,1350,2,COLEGIO DEL PEDREGAL *200805,2,1,TLAQUEPAQUE,JALISCO,15,80,2,0,0,1,7.38,18.08,1,M,1,0,3
2008,1,Baja,Pendiente,633,743,1376,2,I.T.E.S.M. CAMPUS COLIMA *9381,2,2,COLIMA,COLIMA,9,95,3,0,0,1,5.00,18.10,1,M,1,1,1
2008,18,Egresado,Titulado,757,721,1478,2,UNIVERSIDAD DE GUADALAJARA ESCUELA PREPARATORIA NO. 5 *10182,1,1,GUADALAJARA,JALISCO,15,71,1,50,25,2,8.57,21.30,3,F,2,0,0
2008,14,Baja,Pendiente,581,643,1224,1,INSTITUTO CULTURAL BALDOR * 98886,2,2,LOS CABOS,BAJA CALIFORNIA SUR,3,78,1,0,0,1,6.25,18.75,1,M,1,0,0
2008,10,Egresado,Titulado,737,687,1424,2,COLEGIO ALEMAN DE GUADALAJARA *10064,2,1,ZAPOPAN,JALISCO,15,78,1,15,0,2,9.00,21.67,3,M,1,0,3
2008,14,Baja,Pendiente,581,631,1212,1,COLEGIO CERVANTES *10067,2,1,GUADALAJARA,JALISCO,15,71,1,20,40,2,8.13,19.73,2,M,1,0,0
2008,9,Egresado,Titulado,590,560,1150,1,RESOLUCION DE REVALIDACION *10101,1,1,ZAPOPAN,JALISCO,15,80,2,20,40,2,9.63,17.81,1,F,2,0,3
2008,10,Egresado,Titulado,674,676,1350,2,CENTRO DE ESTUDIOS CIENTIFICOS Y TECNOLOGICOS VALLE DE ATEMAJAC *10060,2,1,GUADALAJARA,JALISCO,15,85,2,10,0,2,7.75,18.85,1,M,1,0,3
2008,10,Egresado,Titulado,664,643,1307,2,COLEGIO DE BACHILLERES DEL ESTADO DE BAJA CALIFORNIA SUR PLANTEL 04 CABO SAN LUCAS * 65541,1,2,LA PAZ,BAJA CALIFORNIA SUR,3,95,3,10,0,2,8.88,19.77,2,M,1,0,3
2008,13,Egresado,Titulado,560,575,1135,1,UNIVERSIDAD TEC MILENIO GUADALAJARA * 65455,2,1,ZAPOPAN,JALISCO,15,86,2,35,35,2,8.14,18.81,1,M,1,0,0
2008,10,Egresado,Titulado,695,598,1293,2,COLEGIO CERVANTES *10067,2,1,GUADALAJARA,JALISCO,15,81,2,10,0,2,8.13,19.39,2,M,1,0,3
2008,11,Egresado,Titulado,560,732,1292,2,INSTITUTO DE HUMANIDADES Y CIENCIAS DE GUADALAJARA *10097,2,1,GUADALAJARA,JALISCO,15,74,1,0,0,1,8.50,19.48,2,M,1,0,3
2008,1,Baja,Pendiente,737,721,1458,2,PREPARATORIA FEBRES CORDERO *10070,2,1,GUADALAJARA,JALISCO,15,71,1,0,0,1,8.13,18.27,1,M,1,1,1
2008,1,Baja,Pendiente,519,620,1139,1,CENTRO DE BACHILLERATO TECNOLOGICO AGROPECUARIO 32 *9670,1,2,YAHUALICA DE GONZALEZ GALLO,JALISCO,15,82,2,0,0,1,5.50,18.86,1,M,1,1,1
2008,1,Cambio de plan,Pendiente,587,544,1131,1,UNIVERSIDAD DE GUADALAJARA ESCUELA PREPARATORIA NO. 7 *10220,1,1,GUADALAJARA,JALISCO,15,76,1,0,0,1,7.14,18.32,1,M,1,1,2
2008,11,Egresado,Titulado,695,654,1349,2,COLEGIO ANAHUAC *10081,2,1,ZAPOPAN,JALISCO,15,76,1,10,0,2,8.88,18.32,1,M,1,0,3
2008,12,Egresado,Titulado,768,721,1489,2,LICEO DEL VALLE *10061,2,1,GUADALAJARA,JALISCO,15,72,1,0,40,2,9.25,20.65,2,M,1,0,3
2008,10,Egresado,Titulado,0,0,0,3,INSTITUTO DE LA VERA-CRUZ *10079,2,2,CORDOBA,VERACRUZ,30,93,3,35,35,2,9.63,19.98,2,F,2,0,3
2009,5,Baja,Pendiente,207,239,446,1,COLEGIO DE ESTUDIOS SISTEMAS ABIERTOS CESA *10340,1,2,CHILPANCINGO DE LOS BRAVO,GUERRERO,13,72,1,20,40,2,8.00,19.10,2,M,1,1,1
2009,11,Egresado,Titulado,527,641,1168,1,UNIVERSIDAD DE GUADALAJARA ESCUELA PREPARATORIA NO. 13 *10221,1,1,GUADALAJARA,JALISCO,15,81,2,50,35,2,9.25,22.52,3,M,1,0,3
2009,3,Baja,Pendiente,511,632,1143,1,COLEGIO CERVANTES *10067,2,1,GUADALAJARA,JALISCO,15,75,1,0,0,1,8.25,21.38,3,M,1,1,1
2009,11,Egresado,Titulado,200,246,446,1,COLEGIO ANAHUAC *10081,2,1,ZAPOPAN,JALISCO,15,72,1,0,0,1,9.60,19.69,2,M,1,0,3
2009,3,Cambio de plan,Pendiente,665,732,1397,2,LICEO DEL BOSQUE *10214,2,1,GUADALAJARA,JALISCO,15,74,1,0,40,2,7.60,17.87,1,M,1,1,2
2009,1,Baja,Pendiente,513,569,1082,1,"CONALEP PLANTEL ""LIC. FRANCISCO MEDINA ASCENCIO"" MEXICANO -  ITALIANO * 64444",1,1,ZAPOPAN,JALISCO,15,80,2,0,0,1,6.17,19.94,2,M,1,1,1
2009,11,Egresado,Titulado,0,0,0,3,INSTITUTO DE CIENCIAS *10059,2,1,GUADALAJARA,JALISCO,15,84,2,0,40,2,7.67,18.90,1,M,1,0,3
2009,9,Egresado,Titulado,0,0,0,3,INSTITUTO DE CIENCIAS *10059,2,1,GUADALAJARA,JALISCO,15,93,3,10,0,2,9.29,20.01,2,F,2,0,3
2009,10,Egresado,Titulado,674,712,1386,2,I.T.E.S.M. CAMPUS CIUDAD OBREGON *9943,2,2,CAJEME,SONORA,26,93,3,20,50,2,9.00,18.50,1,M,1,0,3
2009,20,Activo,Pendiente,460,610,1070,1,COLEGIO DE ESTUDIOS SISTEMAS ABIERTOS CESA *10340,1,2,CHILPANCINGO DE LOS BRAVO,GUERRERO,13,78,1,30,30,2,7.50,21.00,3,M,1,0,0
2009,10,Egresado,Titulado,601,748,1349,2,COLEGIO CHAMPAGNAT*200709,2,2,SAN LUIS POTOSI,SAN LUIS POTOSI,24,71,1,0,0,1,8.71,18.55,1,M,1,0,3
2009,1,Baja,Pendiente,0,0,0,3,INSTITUTO DE CIENCIAS *10059,2,1,GUADALAJARA,JALISCO,15,86,2,20,30,2,8.71,19.08,2,M,1,1,1
2009,10,Egresado,Titulado,576,600,1176,1,UNIVERSIDAD TECNOLOGICA DE MEXICO PLANTEL ZAPOPAN * 65854,2,1,GUADALAJARA,JALISCO,15,79,1,0,0,1,7.86,19.18,2,M,1,0,3
2009,11,Egresado,Titulado,489,645,1134,1,COLEGIO CERVANTES *10067,2,1,GUADALAJARA,JALISCO,15,70,1,0,0,1,7.38,19.85,2,M,1,0,3
2009,20,Activo,Pendiente,0,0,0,3,INSTITUTO DE CIENCIAS *10059,2,1,GUADALAJARA,JALISCO,15,88,2,0,0,1,8.88,19.75,2,M,1,0,0
2009,10,Egresado,Titulado,0,0,0,3,INSTITUTO DE CIENCIAS *10059,2,1,GUADALAJARA,JALISCO,15,91,3,35,35,2,9.25,20.18,2,F,2,0,3
2009,1,Cambio de plan,Pendiente,0,0,0,3,INSTITUTO DE CIENCIAS *10059,2,1,GUADALAJARA,JALISCO,15,88,2,0,0,1,8.13,18.76,1,M,1,1,2
2009,10,Egresado,Titulado,0,0,0,3,INSTITUTO DE CIENCIAS *10059,2,1,GUADALAJARA,JALISCO,15,92,3,0,0,1,8.88,19.29,2,M,1,0,3
2009,11,Egresado,Titulado,0,0,0,3,INSTITUTO DE CIENCIAS *10059,2,1,GUADALAJARA,JALISCO,15,84,2,20,40,2,8.29,19.47,2,M,1,0,3
2009,11,Egresado,Titulado,706,553,1259,2,INSTITUTO DE CIENCIAS *10059,2,1,GUADALAJARA,JALISCO,15,76,1,0,0,1,8.63,19.18,2,M,1,0,3
2009,8,Egresado,Titulado,0,0,0,3,BACHILLERATO CENTRO ESCOLAR DEL NOROESTE *030209,2,2,LOS MOCHIS,SINALOA,25,99,3,50,0,2,10.00,18.45,1,M,1,0,3
2009,10,Egresado,Titulado,685,631,1316,2,INSTITUTO FRAY PEDRO DE GANTE *10038,2,2,COLIMA,COLIMA,9,80,2,0,20,2,8.25,19.75,2,M,1,0,3
2009,10,Egresado,Titulado,529,687,1216,1,PREPARATORIA REGIONAL DE AUTLAN *10175,1,2,AUTLAN DE NAVARRO,JALISCO,15,94,3,35,35,2,9.00,19.98,2,M,1,0,3
2009,11,Egresado,Titulado,570,598,1168,1,COLEGIO CERVANTES *10067,2,1,GUADALAJARA,JALISCO,15,72,1,20,30,2,9.13,18.10,1,M,1,0,3
2009,9,Egresado,Titulado,0,0,0,3,PREPARATORIA FRANCISCO I. MADERO *10209,2,1,GUADALAJARA,JALISCO,15,94,3,35,35,2,9.25,18.54,1,M,1,0,3
2009,9,Egresado,Titulado,0,0,0,3,COLEGIO MORELOS DE TEPATITLAN SEP *98545,2,2,TEPATITLAN DE MORELOS,JALISCO,15,98,3,30,35,2,9.38,18.37,1,M,1,0,3
2009,9,Egresado,Titulado,0,0,0,3,INSTITUTO DE HUMANIDADES Y CIENCIAS DE GUADALAJARA *10097,2,1,GUADALAJARA,JALISCO,15,86,2,0,0,1,8.50,18.74,1,M,1,0,3
2009,9,Egresado,Titulado,0,0,0,3,COLEGIO MORELOS DE TEPATITLAN SEP *98545,2,2,TEPATITLAN DE MORELOS,JALISCO,15,99,3,15,20,2,9.50,17.93,1,M,1,0,3
2009,9,Egresado,Titulado,0,0,0,3,INSTITUTO DE CIENCIAS *10059,2,1,GUADALAJARA,JALISCO,15,85,2,50,30,2,9.13,17.76,1,M,1,0,3
2009,9,Egresado,Titulado,0,0,0,3,INSTITUTO DE CIENCIAS *10059,2,1,GUADALAJARA,JALISCO,15,93,3,10,30,2,9.25,18.88,1,M,1,0,3
2009,9,Baja,Pendiente,701,712,1413,2,COLEGIO DE BACHILLERES DEL ESTADO DE JALISCO 12 ARROYO HONDO *98360,1,1,ZAPOPAN,JALISCO,15,96,3,60,25,2,9.00,17.78,1,M,1,1,1
2009,10,Egresado,Titulado,236,273,509,1,COLEGIO MEXICO NUEVO *9693,2,1,ZAPOPAN,JALISCO,15,68,1,0,0,1,7.57,18.41,1,M,1,0,3
2009,9,Egresado,Titulado,531,620,1151,1,UNIVERSIDAD DEL VALLE DE MEXICO CAMPUS GUADALAJARA *200704,2,1,TLAQUEPAQUE,JALISCO,15,92,3,0,30,2,8.88,18.72,1,M,1,0,3
2009,14,Egresado,Titulado,633,676,1309,2,COLEGIO CERVANTES *10067,2,1,GUADALAJARA,JALISCO,15,75,1,0,40,2,8.00,18.66,1,M,1,0,0
2009,5,Baja,Pendiente,0,0,0,3,CENTRO ESCOLAR MEXICO *10066,2,1,GUADALAJARA,JALISCO,15,88,2,25,0,2,7.88,19.97,2,M,1,1,1
2009,9,Egresado,Titulado,0,0,0,3,CENTRO EDUCATIVO REGIONAL DE ATOTONILCO * 24545,2,2,ATOTONILCO EL ALTO,JALISCO,15,98,3,25,0,2,9.50,18.23,1,M,1,0,3
2009,10,Egresado,Titulado,0,0,0,3,INSTITUTO DE CIENCIAS *10059,2,1,GUADALAJARA,JALISCO,15,93,3,20,30,2,9.13,17.94,1,F,2,0,3
2009,10,Egresado,Pendiente,0,0,0,3,INSTITUTO DE CIENCIAS *10059,2,1,GUADALAJARA,JALISCO,15,84,2,0,40,2,8.63,19.04,2,M,1,0,3
2009,10,Egresado,Titulado,0,0,0,3,INSTITUTO DE CIENCIAS *10059,2,1,GUADALAJARA,JALISCO,15,89,2,10,0,2,9.50,18.44,1,M,1,0,3
2009,10,Egresado,Titulado,0,0,0,3,INSTITUTO DE CIENCIAS *10059,2,1,GUADALAJARA,JALISCO,15,90,3,0,0,1,8.88,18.31,1,F,2,0,3
2009,10,Egresado,Titulado,620,742,1362,2,COLEGIO ANAHUAC *10081,2,1,ZAPOPAN,JALISCO,15,83,2,0,0,1,8.63,17.81,1,M,1,0,3
2009,3,Cambio de plan,Pendiente,789,699,1488,2,COLEGIO CAMPOVERDE*200707,2,2,COLIMA,COLIMA,9,74,1,0,0,1,7.43,17.76,1,M,1,1,2
2009,3,Baja,Pendiente,0,0,0,3,COLEGIO CAMPOVERDE*200707,2,2,COLIMA,COLIMA,9,88,2,30,35,2,8.00,18.13,1,M,1,1,1
2009,11,Egresado,Titulado,664,564,1228,2,COLEGIO GUADALAJARA SEP * 65541,2,1,ZAPOPAN,JALISCO,15,76,1,0,0,1,7.14,18.45,1,M,1,0,3
2009,10,Baja,Pendiente,585,661,1246,2,COLEGIO ANAHUAC *10081,2,1,ZAPOPAN,JALISCO,15,75,1,0,0,1,8.29,17.98,1,M,1,1,1
2009,9,Egresado,Titulado,531,671,1202,1,FRAY PEDRO DE GANTE *10077,2,2,COLIMA,COLIMA,9,83,2,15,0,2,8.38,18.68,1,M,1,0,3
2009,10,Egresado,Titulado,0,0,0,3,FRAY PEDRO DE GANTE *10077,2,2,COLIMA,COLIMA,9,89,2,50,0,2,8.86,18.66,1,M,1,0,3
2009,10,Egresado,Titulado,656,722,1378,2,CENTRO DE BACHILLERATO TECNOLOGICO AGROPECUARIO 31 *9629,1,2,MASCOTA,JALISCO,15,98,3,75,20,2,9.38,18.62,1,M,1,0,3
2009,9,Egresado,Titulado,0,0,0,3,COLEGIO CERVANTES *10067,2,1,GUADALAJARA,JALISCO,15,87,2,0,0,1,9.75,18.68,1,F,2,0,3
2009,10,Egresado,Titulado,0,0,0,3,CENTRO DE BACHILLERATO TECNOLOGICO INDUSTRIAL Y DE SERVICIOS 226 * 10057,1,2,CIUDAD GUZMAN,JALISCO,15,93,3,50,0,2,9.13,17.87,1,M,1,0,3
2009,9,Egresado,Titulado,629,712,1341,2,I.T.E.S.M. CAMPUS GUADALAJARA *10072,2,1,GUADALAJARA,JALISCO,15,75,1,0,0,1,8.63,18.08,1,M,1,0,3
2009,9,Egresado,Titulado,602,610,1212,1,UNIVERSIDAD DE GUADALAJARA ESCUELA PREPARATORIA NO. 9 *10193,1,1,GUADALAJARA,JALISCO,15,87,2,35,35,2,9.00,17.34,1,F,2,0,3
2009,5,Baja,Pendiente,549,508,1057,1,BACHILLERATO DE LA UNIVERSIDAD DEL VALLE DE ATEMAJAC *10090,2,1,GUADALAJARA,JALISCO,15,84,2,0,0,1,8.14,18.03,1,M,1,1,1
2009,4,Baja,Pendiente,602,722,1324,2,I.T.E.S.M. CAMPUS GUADALAJARA *10072,2,1,GUADALAJARA,JALISCO,15,90,3,0,0,1,8.88,19.59,2,M,1,1,1
2009,10,Egresado,Titulado,576,651,1227,2,I.T.E.S.M. CAMPUS GUADALAJARA *10072,2,1,GUADALAJARA,JALISCO,15,87,2,20,40,2,9.75,18.74,1,M,1,0,3
2009,11,Egresado,Titulado,602,651,1253,2,DOMINGO DE ALZOLA *10238,2,1,GUADALAJARA,JALISCO,15,93,3,0,0,1,9.14,17.97,1,M,1,0,3
2009,9,Egresado,Titulado,558,671,1229,2,CENTRO DE ESTUDIOS CIENTIFICOS Y TECNOLOGICOS VALLE DE ATEMAJAC *10060,2,1,GUADALAJARA,JALISCO,15,84,2,20,30,2,8.63,18.26,1,M,1,0,3
2009,10,Egresado,Titulado,0,0,0,3,COLEGIO CERVANTES *10067,2,1,GUADALAJARA,JALISCO,15,88,2,0,40,2,9.50,18.51,1,F,2,0,3
2009,9,Egresado,Titulado,636,699,1335,2,INSTITUTO NUEVA GALICIA *9558,2,1,GUADALAJARA,JALISCO,15,83,2,20,40,2,8.75,18.00,1,M,1,0,3
2009,3,Baja,Pendiente,549,589,1138,1,BACHILLERATO DE LA UNIVERSIDAD DEL VALLE DE ATEMAJAC *10090,2,1,GUADALAJARA,JALISCO,15,83,2,20,40,2,6.71,19.71,2,M,1,1,1
2009,10,Egresado,Titulado,593,640,1233,2,UNIVERSIDAD DE GUADALAJARA ESCUELA PREPARATORIA NO. 10 *10200,1,1,GUADALAJARA,JALISCO,15,94,3,40,35,2,8.38,19.70,2,M,1,0,3
2009,10,Egresado,Titulado,674,722,1396,2,PREPARATORIA DEL VALLE S.C. *85624,2,2,TEPIC,NAYARIT,18,84,2,10,0,2,8.75,19.56,2,M,1,0,3
2009,9,Egresado,Titulado,656,742,1398,2,UNIVERSIDAD DEL VALLE DE MEXICO CAMPUS GUADALAJARA *200704,2,1,TLAQUEPAQUE,JALISCO,15,98,3,20,40,2,9.00,18.28,1,M,1,0,3
2009,12,Egresado,Titulado,477,691,1168,1,INSTITUTO MORELOS *9757,2,2,URUAPAN,MICHOACAN,16,70,1,0,40,2,8.00,18.63,1,M,1,0,3
2009,4,Baja,Pendiente,611,508,1119,1,PREPARATORIA REGIONAL DE TALA *10284,1,2,CHILPANCINGO DE LOS BRAVO,GUERRERO,13,82,2,0,40,2,7.00,17.80,1,M,1,1,1
2009,10,Egresado,Titulado,477,681,1158,1,COLEGIO CERVANTES *10067,2,1,GUADALAJARA,JALISCO,15,74,1,0,40,2,8.13,18.88,1,M,1,0,3
2009,10,Egresado,Titulado,0,0,0,3,COLEGIO ALEMAN DE GUADALAJARA *10064,2,1,ZAPOPAN,JALISCO,15,86,2,25,0,2,8.50,18.78,1,M,1,0,3
2009,10,Egresado,Titulado,665,722,1387,2,UNIVERSIDAD TECNOLOGICA DE MEXICO PLANTEL ZAPOPAN * 65854,2,1,GUADALAJARA,JALISCO,15,79,1,20,40,2,9.38,20.44,2,M,1,0,3
2009,10,Egresado,Titulado,629,447,1076,1,COLEGIO DE ESTUDIOS SISTEMAS ABIERTOS CESA *10340,1,2,CHILPANCINGO DE LOS BRAVO,GUERRERO,13,73,1,0,0,1,7.00,20.51,2,M,1,0,3
2009,3,Cambio de plan,Pendiente,593,732,1325,2,COLEGIO MEXICO NUEVO *9693,2,1,ZAPOPAN,JALISCO,15,74,1,0,0,1,7.22,18.08,1,M,1,1,2
2009,15,Egresado,Titulado,200,274,474,1,COLEGIO GUADALAJARA SEP * 65541,2,1,ZAPOPAN,JALISCO,15,72,1,0,0,1,5.40,20.12,2,M,1,0,0
2010,17,Activo,Pendiente,596,699,1295,2,UNIVERSIDAD DE GUADALAJARA ESCUELA PREPARATORIA NO. 5 *10182,1,1,GUADALAJARA,JALISCO,15,75,1,0,0,1,7.33,21.57,3,M,1,0,0
2010,11,Egresado,Titulado,467,591,1058,1,BACHILLERATO CERVANTES LOMA BONITA * 89974,2,1,ZAPOPAN,JALISCO,15,82,2,10,0,2,8.20,18.19,1,M,1,0,3
2010,12,Egresado,Pendiente,587,718,1305,2,UNIVERSIDAD TECNOLOGICA DE MEXICO PLANTEL ZAPOPAN * 65854,2,1,GUADALAJARA,JALISCO,15,91,3,35,25,2,9.83,18.04,1,F,2,0,3
2010,7,Cambio de plan,Pendiente,562,571,1133,1,COLEGIO CERVANTES *10067,2,1,GUADALAJARA,JALISCO,15,75,1,0,0,1,7.86,18.80,1,F,2,1,2
2010,10,Egresado,Titulado,450,581,1031,1,CENTRO DE ESTUDIOS UNIVERSITARIOS VERACRUZ *10188,2,1,GUADALAJARA,JALISCO,15,87,2,0,0,1,9.17,21.01,3,M,1,0,3
2010,4,Cambio de plan,Pendiente,522,569,1091,1,BACHILLERATO DE LA UNIVERSIDAD DEL VALLE DE ATEMAJAC *10090,2,1,GUADALAJARA,JALISCO,15,80,2,0,0,1,8.00,18.80,1,M,1,1,2
2010,2,Baja,Pendiente,570,630,1200,1,BACHILLERATO DE LA UNIVERSIDAD DEL VALLE DE ATEMAJAC *10090,2,1,GUADALAJARA,JALISCO,15,79,1,0,0,1,6.83,19.95,2,M,1,1,1
2010,12,Egresado,Titulado,562,699,1261,2,INSTITUTO DE ESTUDIOS SUPERIORES DE LOS MOCHIS *10324,2,2,LOS MOCHIS,SINALOA,25,74,1,0,0,1,7.50,18.75,1,M,1,0,3
2010,3,Baja,Pendiente,553,689,1242,2,UNIVERSIDAD DEL VALLE DE MEXICO CAMPUS GUADALAJARA *200704,2,1,TLAQUEPAQUE,JALISCO,15,82,2,40,35,2,7.83,20.84,2,M,1,1,1
2010,11,Baja,Pendiente,502,562,1064,1,INSTITUTO SUPERIOR DE COMERCIO Y ADMON. *10030,2,1,GUADALAJARA,JALISCO,15,76,1,0,0,1,6.33,20.67,2,M,1,1,1
2010,4,Cambio de plan,Pendiente,0,0,0,3,INSTITUTO KIPLING DE IRAPUATO *9505,2,2,IRAPUATO,GUANAJUATO,12,93,3,10,0,2,9.17,19.46,2,F,2,1,2
2010,13,Baja,Pendiente,424,630,1054,1,PREPARATORIA ANAHUAC GARIBALDI * 255411,2,1,GUADALAJARA,JALISCO,15,76,1,0,0,1,8.14,18.66,1,M,1,0,0
2010,13,Egresado,Titulado,664,718,1382,2,CENTRO DE ENSE헤NZA TECNICA INDUSTRIAL *10147,1,1,GUADALAJARA,JALISCO,15,82,2,0,0,1,8.00,19.28,2,M,1,0,0
2010,17,Activo,Pendiente,495,610,1105,1,COLEGIO DE BACHILLERES PLANTEL YURECUARO *10457,1,2,YURECUARO,MICHOACAN,16,94,3,0,0,1,7.14,18.44,1,M,1,0,0
2010,3,Baja,Pendiente,544,640,1184,1,UNIVERSIDAD DEL VALLE DE MEXICO CAMPUS GUADALAJARA *200704,2,1,TLAQUEPAQUE,JALISCO,15,81,2,10,0,2,7.00,18.02,1,M,1,1,1
2010,10,Baja,Pendiente,611,640,1251,2,INSTITUTO DE BACHILLERATO DE EDUCACION INTERACTIVA * 65541,2,2,CHIHUAHUA,CHIHUAHUA,6,75,1,0,0,1,7.50,20.05,2,M,1,1,1
2010,1,Baja,Pendiente,570,552,1122,1,ACREDITACION ACUERDO 286 SECRETARIA DE EDUCACION PUBLICA *32254,1,2,NAUCALPAN DE JUAREZ,ESTADO DE MEXICO,11,75,1,0,0,1,5.00,24.10,3,M,1,1,1
2010,11,Egresado,Titulado,716,564,1280,2,COLEGIO GUADALAJARA SEP * 65541,2,1,ZAPOPAN,JALISCO,15,79,1,0,0,1,8.13,18.99,2,M,1,0,3
2010,10,Egresado,Titulado,778,620,1398,2,INSTITUTO KIPLING DE IRAPUATO *9505,2,2,IRAPUATO,GUANAJUATO,12,81,2,10,0,2,9.13,19.37,2,M,1,0,3
2010,10,Egresado,Titulado,629,712,1341,2,INSTITUTO MEXICO DE BAJA CALIFORNIA *69290,2,2,TIJUANA,BAJA CALIFORNIA,2,85,2,0,0,1,9.50,19.74,2,M,1,0,3
2010,9,Egresado,Titulado,665,681,1346,2,COLEGIO MEXICO NUEVO *9693,2,1,ZAPOPAN,JALISCO,15,79,1,0,35,2,9.75,19.43,2,M,1,0,3
2010,2,Baja,Pendiente,674,681,1355,2,RESOLUCION DE REVALIDACION *10101,1,1,ZAPOPAN,JALISCO,15,80,2,0,0,1,8.20,26.38,3,M,1,1,1
2010,9,Egresado,Pendiente,664,665,1329,2,COLEGIO BRITANICO * 56445,2,2,PUERTO VALLARTA,JALISCO,15,82,2,20,40,2,8.63,19.13,2,M,1,0,3
2010,9,Egresado,Titulado,0,0,0,3,UNIVERSIDAD DE GUADALAJARA ESCUELA PREPARATORIA NO. 5 *10182,1,1,GUADALAJARA,JALISCO,15,89,2,0,30,2,9.38,18.39,1,M,1,0,3
2010,11,Egresado,Titulado,549,620,1169,1,COLEGIO GUADALAJARA SEP * 65541,2,1,ZAPOPAN,JALISCO,15,71,1,10,0,2,8.38,18.90,1,M,1,0,3
2010,11,Egresado,Titulado,510,601,1111,1,VICTORIA DE OCCIDENTE *10092,2,1,ZAPOPAN,JALISCO,15,83,2,60,30,2,9.00,18.83,1,M,1,0,3
2010,9,Egresado,Titulado,701,742,1443,2,COLEGIO CERVANTES *10067,2,1,GUADALAJARA,JALISCO,15,77,1,0,0,1,9.13,17.86,1,M,1,0,3
2010,10,Egresado,Titulado,602,681,1283,2,COLEGIO CERVANTES *10067,2,1,GUADALAJARA,JALISCO,15,74,1,0,0,1,8.25,18.75,1,M,1,0,3
2010,10,Egresado,Titulado,665,712,1377,2,COLEGIO CERVANTES *10067,2,1,GUADALAJARA,JALISCO,15,76,1,0,0,1,8.75,18.56,1,M,1,0,3
2010,13,Egresado,Titulado,519,708,1227,2,PREPARATORIA REGIONAL SAN MARTIN HIDALGO *10290,1,2,SAN MARTIN HIDALGO,JALISCO,15,91,3,50,35,2,9.00,18.05,1,M,1,0,0
2010,10,Egresado,Titulado,0,0,0,3,BACHILLERATO CENTRO ESCOLAR DEL NOROESTE *030209,2,2,LOS MOCHIS,SINALOA,25,97,3,50,0,2,9.25,18.40,1,M,1,0,3
2010,9,Egresado,Titulado,0,0,0,3,COLEGIO CERVANTES *10067,2,1,GUADALAJARA,JALISCO,15,92,3,10,0,2,9.63,17.99,1,M,1,0,3
2010,10,Egresado,Titulado,0,0,0,3,COLEGIO CERVANTES *10067,2,1,GUADALAJARA,JALISCO,15,91,3,50,15,2,9.63,18.22,1,M,1,0,3
2010,10,Egresado,Titulado,611,722,1333,2,INSTITUTO CULTURAL TAMPICO *9957,2,2,TAMPICO,TAMAULIPAS,28,73,1,0,0,1,8.88,18.73,1,M,1,0,3
2010,11,Egresado,Titulado,593,579,1172,1,COLEGIO GUADALAJARA SEP * 65541,2,1,ZAPOPAN,JALISCO,15,69,1,20,30,2,8.50,19.91,2,M,1,0,3
2010,9,Baja,Pendiente,522,426,948,1,COLEGIO ST. JOHNS *9399,2,2,COLIMA,COLIMA,9,81,2,0,0,1,7.13,17.93,1,M,1,1,1
2010,10,Egresado,Titulado,0,0,0,3,COLEGIO GUADALAJARA SEP * 65541,2,1,ZAPOPAN,JALISCO,15,83,2,0,0,1,9.13,18.72,1,M,1,0,3
2010,7,Cambio de plan,Pendiente,236,273,509,1,UNIVERSIDAD DE GUADALAJARA ESCUELA PREPARATORIA NO. 8 *10194,1,1,GUADALAJARA,JALISCO,15,80,2,0,0,1,7.00,18.94,1,M,1,1,2
2010,3,Baja,Pendiente,527,718,1245,2,COLEGIO CERVANTES *10067,2,1,GUADALAJARA,JALISCO,15,79,1,0,0,1,9.13,19.66,2,F,2,1,1
2010,10,Egresado,Titulado,0,0,0,3,PREPARATORIA ANAHUAC GARIBALDI * 255411,2,1,GUADALAJARA,JALISCO,15,86,2,50,20,2,9.38,18.90,1,M,1,0,3
2010,12,Egresado,Titulado,602,702,1304,2,INSTITUTO DE ESTUDIOS SUPERIORES DE LOS MOCHIS *10324,2,2,LOS MOCHIS,SINALOA,25,80,2,10,0,2,6.88,18.97,2,M,1,0,3
2010,4,Cambio de plan,Pendiente,0,0,0,3,COLEGIO CAMPOVERDE*200707,2,2,COLIMA,COLIMA,9,90,3,35,35,2,9.00,17.91,1,M,1,1,2
2010,10,Egresado,Titulado,602,722,1324,2,I.T.E.S.M. CAMPUS COLIMA *9381,2,2,COLIMA,COLIMA,9,85,2,0,40,2,7.63,18.75,1,M,1,0,3
2010,16,Egresado,Titulado,647,559,1206,1,UNIVERSIDAD DE COLIMA BACHILLERATO TECNICO # 2 * 00129,1,2,COLIMA,COLIMA,9,84,2,30,35,2,8.50,18.96,2,M,1,0,0
2010,10,Egresado,Titulado,0,0,0,3,COLEGIO ANAHUAC *10081,2,1,ZAPOPAN,JALISCO,15,88,2,0,0,1,9.63,18.50,1,M,1,0,3
2010,10,Egresado,Titulado,604,718,1322,2,COLEGIO ANAHUAC *10081,2,1,ZAPOPAN,JALISCO,15,82,2,0,0,1,9.00,18.09,1,M,1,0,3
2010,9,Egresado,Titulado,630,640,1270,2,COLEGIO ANAHUAC *10081,2,1,ZAPOPAN,JALISCO,15,78,1,0,0,1,9.13,17.82,1,M,1,0,3
2010,9,Egresado,Titulado,562,552,1114,1,PREPARATORIA REGIONAL DE TALA *10284,1,2,CHILPANCINGO DE LOS BRAVO,GUERRERO,13,94,3,10,0,2,9.38,17.76,1,M,1,0,3
2010,1,Baja,Pendiente,570,728,1298,2,PREPARATORIA SAN ISIDRO MAZATEPEC *9712,2,2,TALA,JALISCO,15,91,3,0,0,1,8.38,18.36,1,M,1,1,1
2010,14,Egresado,Titulado,656,738,1394,2,UNIVERSIDAD DEL VALLE DE MEXICO CAMPUS GUADALAJARA *200704,2,1,TLAQUEPAQUE,JALISCO,15,92,3,25,30,2,8.13,18.20,1,M,1,0,0
2010,10,Egresado,Titulado,0,0,0,3,CENTRO EDUCATIVO REGIONAL DE ATOTONILCO * 24545,2,2,ATOTONILCO EL ALTO,JALISCO,15,95,3,30,35,2,9.00,17.76,1,F,2,0,3
2010,10,Egresado,Titulado,585,528,1113,1,INSTITUTO DE CIENCIAS *10059,2,1,GUADALAJARA,JALISCO,15,73,1,0,0,1,8.25,18.07,1,M,1,0,3
2010,9,Egresado,Titulado,0,0,0,3,PREPARATORIA ANAHUAC GARIBALDI * 255411,2,1,GUADALAJARA,JALISCO,15,85,2,0,0,1,9.25,18.05,1,M,1,0,3
2010,11,Egresado,Titulado,510,611,1121,1,COLEGIO DE ESTUDIOS SISTEMAS ABIERTOS CESA *10340,1,2,CHILPANCINGO DE LOS BRAVO,GUERRERO,13,81,2,20,40,2,8.38,19.67,2,M,1,0,3
2010,10,Egresado,Titulado,0,0,0,3,JOSE SIXTO VERDUZCO *10107,2,2,ZAMORA,MICHOACAN,16,91,3,20,40,2,9.25,17.93,1,M,1,0,3
2010,13,Egresado,Titulado,0,0,0,3,FRAY PEDRO DE GANTE *10077,2,2,COLIMA,COLIMA,9,85,2,10,30,2,8.00,18.33,1,M,1,0,0
2010,1,Baja,Pendiente,585,671,1256,2,CENTRO DE BACHILLERATO TECNOLOGICO INDUSTRIAL Y DE SERVICIOS 68 *9656,1,2,PUERTO VALLARTA,JALISCO,15,87,2,20,40,2,8.57,17.76,1,M,1,1,1
2010,15,Baja,Pendiente,604,738,1342,2,LICEO DEL VALLE *10061,2,1,GUADALAJARA,JALISCO,15,72,1,0,0,1,7.00,18.22,1,M,1,0,0
2010,7,Baja,Pendiente,549,569,1118,1,INSTITUTO CULTURAL DE OCCIDENTE *10132,2,2,MAZATLAN,SINALOA,25,78,1,0,0,1,7.50,18.05,1,M,1,1,1
2010,16,Egresado,Titulado,664,699,1363,2,CENTRO DE ENSE헤NZA TECNICA INDUSTRIAL *10147,1,1,GUADALAJARA,JALISCO,15,83,2,0,0,1,8.63,18.97,2,M,1,0,0
2010,1,Baja,Pendiente,647,691,1338,2,INSTITUTO CULTURAL DE OCCIDENTE *10132,2,2,MAZATLAN,SINALOA,25,79,1,20,40,2,6.00,18.85,1,M,1,1,1
2010,13,Egresado,Titulado,629,691,1320,2,CENTRO DE BACHILLERATO TECNOLOGICO INDUSTRIAL Y DE SERVICIOS 27 *9811,1,2,IXTLAN DEL RIO,NAYARIT,18,99,3,40,35,2,9.25,17.75,1,F,2,0,0
2010,10,Egresado,Titulado,477,579,1056,1,PREPARATORIA CRISTOBAL COLON * 80065,2,2,TEPIC,NAYARIT,18,75,1,0,0,1,7.88,18.01,1,M,1,0,3
2010,10,Egresado,Titulado,0,0,0,3,PREPARATORIA CRISTOBAL COLON * 80065,2,2,TEPIC,NAYARIT,18,88,2,0,40,2,8.38,18.05,1,M,1,0,3
2010,14,Baja,Pendiente,0,0,0,3,PREPARATORIA MEXICO *9555,2,2,CIUDAD GUZMAN,JALISCO,15,87,2,0,0,1,7.50,17.85,1,M,1,0,0
2010,10,Egresado,Titulado,553,699,1252,2,PREPARATORIA ANAHUAC GARIBALDI * 255411,2,1,GUADALAJARA,JALISCO,15,82,2,25,0,2,9.25,18.44,1,F,2,0,3
2010,15,Baja,Pendiente,576,518,1094,1,INSTITUTO LA PAZ * 32254,2,2,URUAPAN,MICHOACAN,16,75,1,0,0,1,7.57,18.24,1,M,1,0,0
2010,10,Egresado,Titulado,536,650,1186,1,ESCUELA PREPARATORIA DE JALISCO UDG *10190,1,1,GUADALAJARA,JALISCO,15,85,2,20,30,2,8.13,19.86,2,M,1,0,3
2010,10,Egresado,Titulado,587,620,1207,1,INSTITUTO MORELOS *9757,2,2,URUAPAN,MICHOACAN,16,66,1,0,0,1,7.25,19.35,2,M,1,0,3
2010,1,Baja,Pendiente,682,715,1397,2,CENTRO DE ENSE헤NZA TECNICA Y SUPERIOR *9281,1,2,MEXICALI,BAJA CALIFORNIA,2,82,2,0,0,1,5.38,18.20,1,M,1,1,1
2010,17,Activo,Pendiente,536,699,1235,2,I.T.E.S.M. CAMPUS GUADALAJARA *10072,2,1,GUADALAJARA,JALISCO,15,81,2,50,30,2,8.33,20.56,2,M,1,0,0
2010,18,Activo,Pendiente,692,742,1434,2,PREPARATORIA CRISTOBAL COLON * 80065,2,2,TEPIC,NAYARIT,18,74,1,0,40,2,7.63,20.02,2,M,1,0,0
2010,10,Egresado,Titulado,0,0,0,3,PREPARATORIA ANAHUAC GARIBALDI * 255411,2,1,GUADALAJARA,JALISCO,15,86,2,20,25,2,9.38,17.77,1,M,1,0,3
2010,1,Baja,Pendiente,508,609,1117,1,CENTRO DE ENSE헤NZA TECNICA Y SUPERIOR *9281,1,2,MEXICALI,BAJA CALIFORNIA,2,76,1,0,0,1,5.00,19.58,2,M,1,1,1
2010,9,Baja,Pendiente,596,689,1285,2,UNIVERSIDAD TECNOLOGICA DE MEXICO PLANTEL ZAPOPAN * 65854,2,1,GUADALAJARA,JALISCO,15,83,2,0,0,1,8.25,18.25,1,M,1,1,1
2010,10,Egresado,Titulado,527,718,1245,2,CENTRO EDUCACIONAL TLAQUEPAQUE AC * 280312,2,1,GUADALAJARA,JALISCO,15,98,3,0,40,2,9.75,18.63,1,M,1,0,3
2010,9,Egresado,Titulado,656,699,1355,2,I.T.E.S.M. CAMPUS SINALOA *9874,2,2,CULIACAN,SINALOA,25,82,2,0,0,1,8.25,19.50,2,M,1,0,3
2010,8,Baja,Pendiente,611,671,1282,2,COLEGIO MIRAFLORES *9508,2,2,LEON,GUANAJUATO,12,76,1,0,40,2,9.38,18.99,2,M,1,1,1
2010,1,Baja,Pendiente,591,703,1294,2,PREPARATORIA ANAHUAC GARIBALDI * 255411,2,1,GUADALAJARA,JALISCO,15,81,2,0,40,2,7.13,17.87,1,M,1,1,1
2010,18,Activo,Pendiente,544,718,1262,2,CENTRO DE ESTUDIOS TECNOLOGICOS INDUSTRIAL Y DE SERVICIOS 63 * 65841,1,2,AMECA,JALISCO,15,89,2,50,30,2,8.86,18.58,1,M,1,0,0
2010,18,Activo,Pendiente,630,591,1221,1,UNIVERSIDAD TECNOLOGICA DE MEXICO PLANTEL ZAPOPAN * 65854,2,1,GUADALAJARA,JALISCO,15,75,1,0,0,1,7.63,18.64,1,M,1,0,0
2010,10,Egresado,Titulado,553,669,1222,1,COLEGIO CERVANTES *10067,2,1,GUADALAJARA,JALISCO,15,75,1,10,0,2,7.88,19.47,2,M,1,0,3
2010,4,Baja,Pendiente,450,532,982,1,COLEGIO ONCE MEXICO *170210,2,1,ZAPOPAN,JALISCO,15,80,2,0,0,1,5.88,19.61,2,M,1,1,1
2010,1,Baja,Pendiente,799,799,1598,2,I.T.E.S.M. CAMPUS TOLUCA *9485,2,2,TOLUCA,ESTADO DE MEXICO,11,79,1,0,0,1,8.00,17.82,1,M,1,1,1
2010,18,Activo,Pendiente,433,691,1124,1,RENOVACION ANGEL ROBLES RAMIREZ * 66554,1,2,ACALA,CHIAPAS,5,89,2,65,25,2,8.71,23.48,3,M,1,0,0
2011,7,Cambio de plan,Pendiente,695,687,1382,2,COLEGIO ANAHUAC *10081,2,1,ZAPOPAN,JALISCO,15,80,2,30,35,2,9.50,17.91,1,M,1,1,2
2011,12,Baja,Pendiente,695,463,1158,1,BACHILLERATO DE LA UNIVERSIDAD DEL VALLE DE ATEMAJAC *10090,2,1,GUADALAJARA,JALISCO,15,91,3,0,40,2,9.33,19.65,2,M,1,1,1
2011,11,Egresado,Titulado,622,676,1298,2,CENTRO DE BACHILLERATO TECNOLOGICO AGROPECUARIO 32 *9670,1,2,YAHUALICA DE GONZALEZ GALLO,JALISCO,15,80,2,40,35,2,9.50,19.73,2,M,1,0,3
2011,7,Baja,Pendiente,562,699,1261,2,COLEGIO MEXICO NUEVO *9693,2,1,ZAPOPAN,JALISCO,15,80,2,20,35,2,8.00,19.11,2,F,2,1,1
2011,15,Activo,Pendiente,622,676,1298,2,PREPARATORIA ANAHUAC REVOLUCION *10191,2,1,GUADALAJARA,JALISCO,15,80,2,50,30,2,8.71,18.44,1,M,1,0,0
2011,10,Egresado,Titulado,0,0,0,3,INSTITUTO CULTURAL DE OCCIDENTE *10132,2,2,MAZATLAN,SINALOA,25,85,2,0,30,2,8.43,18.88,1,M,1,0,3
2011,12,Egresado,Titulado,633,743,1376,2,INSTITUTO DE CIENCIAS *10059,2,1,GUADALAJARA,JALISCO,15,80,2,10,0,2,9.14,18.92,1,M,1,0,3
2011,11,Egresado,Pendiente,654,497,1151,1,CENTRO DE ESTUDIOS CIENTIFICOS Y TECNOLOGICOS VALLE DE ATEMAJAC *10060,2,1,GUADALAJARA,JALISCO,15,83,2,20,40,2,8.71,17.98,1,M,1,0,3
2011,11,Baja,Pendiente,632,675,1307,2,BACHILLERATO CUMBRES SAN JAVIER * 250811,2,1,ZAPOPAN,JALISCO,15,76,1,0,0,1,7.86,18.62,1,M,1,1,1
2011,4,Baja,Pendiente,602,575,1177,1,PREPARATORIA DE LA UNIV. CUAUHTEMOC PTL. GUADALAJARA *140911,2,1,ZAPOPAN,JALISCO,15,81,2,0,0,1,8.60,19.00,2,M,1,1,1
2011,6,Baja,Pendiente,737,732,1469,2,I.T.E.S.M. CAMPUS SONORA NORTE *10136,2,2,HERMOSILLO,SONORA,26,82,2,0,0,1,8.00,22.98,3,F,2,1,1
2011,3,Cambio de plan,Pendiente,570,609,1179,1,UNIVERSIDAD DEL VALLE DE MEXICO CAMPUS GUADALAJARA NORTE *65704,2,1,ZAPOPAN,JALISCO,15,79,1,0,0,1,9.00,19.85,2,M,1,1,2
2011,4,Baja,Pendiente,633,553,1186,1,COLEGIO DE EDUCACION MEDIA SUPERIOR SINALOENSE *2910,2,2,MAZATLAN,SINALOA,25,71,1,0,0,1,6.80,18.00,1,M,1,1,1
2011,16,Activo,Pendiente,706,732,1438,2,UNIVERSIDAD DEL VALLE DE MEXICO CAMPUS GUADALAJARA NORTE *65704,2,1,ZAPOPAN,JALISCO,15,84,2,10,0,2,8.20,18.78,1,M,1,0,0
2011,10,Egresado,Titulado,0,0,0,3,UNIVERSIDAD DE GUADALAJARA ESCUELA PREPARATORIA NO. 5 *10182,1,1,GUADALAJARA,JALISCO,15,85,2,40,35,2,9.14,19.24,2,M,1,0,3
2011,1,Baja,Pendiente,664,553,1217,1,LICEO DEL BOSQUE *10214,2,1,GUADALAJARA,JALISCO,15,77,1,0,0,1,7.14,21.67,3,M,1,1,1
2011,4,Baja,Pendiente,549,620,1169,1,INSTITUTO LUX *10427,2,2,LEON,GUANAJUATO,12,76,1,0,40,2,8.13,19.35,2,F,2,1,1
2011,10,Egresado,Titulado,0,0,0,3,COLEGIO ANAHUAC *10081,2,1,ZAPOPAN,JALISCO,15,85,2,10,0,2,9.25,18.67,1,M,1,0,3
2011,10,Egresado,Titulado,0,0,0,3,COLEGIO ANAHUAC *10081,2,1,ZAPOPAN,JALISCO,15,91,3,30,0,2,9.63,17.81,1,M,1,0,3
2011,12,Egresado,Titulado,596,483,1079,1,UNIVERSIDAD DE COLIMA BACHILLERATO TECNICO # 8  *9396,1,2,MANZANILLO,COLIMA,9,86,2,0,30,2,8.00,18.26,1,M,1,0,3
2011,9,Egresado,Titulado,622,689,1311,2,COLEGIO CERVANTES BACHILLERATO *290811,2,1,GUADALAJARA,JALISCO,15,81,2,0,40,2,8.50,18.71,1,M,1,0,3
2011,9,Egresado,Titulado,587,787,1374,2,COLEGIO CERVANTES BACHILLERATO *290811,2,1,GUADALAJARA,JALISCO,15,79,1,0,0,1,9.00,18.38,1,M,1,0,3
2011,10,Egresado,Titulado,0,0,0,3,CENTRO DE ENSE헤NZA TECNICA INDUSTRIAL *10147,1,1,GUADALAJARA,JALISCO,15,94,3,20,40,2,9.75,19.45,2,M,1,0,3
2011,9,Egresado,Titulado,664,699,1363,2,"PREPARATORIA DEL SUR DE GUANAJUATO DE URIANGATO, GTO. *300811",2,2,URIANGATO,GUANAJUATO,12,90,3,10,0,2,9.63,18.53,1,F,2,0,3
2011,11,Egresado,Titulado,502,630,1132,1,COLEGIO ALTAMIRA *9684,2,1,ZAPOPAN,JALISCO,15,83,2,0,40,2,8.75,18.43,1,M,1,0,3
2011,11,Egresado,Titulado,519,640,1159,1,COLEGIO CERVANTES BACHILLERATO *290811,2,1,GUADALAJARA,JALISCO,15,80,2,25,30,2,9.13,18.51,1,F,2,0,3
2011,15,Activo,Pendiente,484,689,1173,1,INSTITUTO DE HUMANIDADES Y CIENCIAS DE GUADALAJARA *10097,2,1,GUADALAJARA,JALISCO,15,82,2,10,0,2,8.75,19.33,2,M,1,0,0
2011,4,Cambio de plan,Pendiente,789,732,1521,2,INSTITUTO INGLES HIDALGO *10094,2,1,GUADALAJARA,JALISCO,15,72,1,0,0,1,7.25,17.82,1,M,1,1,2
2011,4,Baja,Pendiente,633,631,1264,2,INSTITUTO INGLES HIDALGO *10094,2,1,GUADALAJARA,JALISCO,15,78,1,0,0,1,6.63,18.72,1,M,1,1,1
2011,9,Egresado,Titulado,0,0,0,3,INSTITUTO DE CIENCIAS *10059,2,1,GUADALAJARA,JALISCO,15,94,3,0,0,1,9.63,18.69,1,M,1,0,3
2011,10,Egresado,Pendiente,716,710,1426,2,COLEGIO ANAHUAC *10081,2,1,ZAPOPAN,JALISCO,15,77,1,0,40,2,8.38,19.49,2,F,2,0,3
2011,10,Egresado,Titulado,487,721,1208,1,COLEGIO ANAHUAC *10081,2,1,ZAPOPAN,JALISCO,15,72,1,10,0,2,9.38,18.65,1,M,1,0,3
2011,13,Egresado,Titulado,706,665,1371,2,COLEGIO ANAHUAC *10081,2,1,ZAPOPAN,JALISCO,15,80,2,20,30,2,8.25,18.05,1,F,2,0,0
2011,10,Egresado,Titulado,0,0,0,3,COLEGIO ANAHUAC *10081,2,1,ZAPOPAN,JALISCO,15,94,3,10,0,2,9.50,17.92,1,M,1,0,3
2011,7,Egresado,Titulado,0,0,0,3,CENTRO DE BACHILLERATO TECNOLOGICO INDUSTRIAL Y DE SERVICIOS 226 * 10057,1,2,CIUDAD GUZMAN,JALISCO,15,99,3,50,30,2,9.25,17.82,1,M,1,0,3
2011,10,Egresado,Titulado,737,788,1525,2,UNIVERSIDAD DEL VALLE DE MEXICO CAMPUS GUADALAJARA *200704,2,1,TLAQUEPAQUE,JALISCO,15,97,3,26.66666667,0,2,9.50,17.78,1,M,1,0,3
2011,7,Egresado,Titulado,0,0,0,3,PREPARATORIA MEXICO *9555,2,2,CIUDAD GUZMAN,JALISCO,15,88,2,10,0,2,8.63,18.60,1,M,1,0,3
2011,9,Egresado,Titulado,0,0,0,3,CENTRO EDUCATIVO REGIONAL DE ATOTONILCO * 24545,2,2,ATOTONILCO EL ALTO,JALISCO,15,98,3,50,40,2,9.38,18.22,1,M,1,0,3
2011,1,Baja,Pendiente,630,611,1241,2,COLEGIO MEXICO NUEVO *9693,2,1,ZAPOPAN,JALISCO,15,80,2,0,0,1,9.13,18.82,1,M,1,1,1
2011,10,Egresado,Titulado,778,755,1533,2,INSTITUTO DE CIENCIAS *10059,2,1,GUADALAJARA,JALISCO,15,95,3,50,0,2,9.75,18.91,1,M,1,0,3
2011,10,Baja,Pendiente,800,586,1386,2,INSTITUTO DE CIENCIAS *10059,2,1,GUADALAJARA,JALISCO,15,83,2,40,30,2,8.63,18.80,1,M,1,1,1
2011,10,Egresado,Titulado,0,0,0,3,COLEGIO ANAHUAC *10081,2,1,ZAPOPAN,JALISCO,15,85,2,0,0,1,9.25,18.42,1,M,1,0,3
2011,9,Egresado,Titulado,519,575,1094,1,JOSE VASCONCELOS * 98774,2,2,ZAMORA DE HIDALGO,MICHOACAN,16,80,2,35,35,2,9.13,18.21,1,M,1,0,3
2011,9,Egresado,Titulado,527,581,1108,1,PREPARATORIA REGIONAL DE LA BARCA *10249,1,2,LA BARCA,JALISCO,15,98,3,30,35,2,9.25,18.45,1,M,1,0,3
2011,2,Cambio de plan,Pendiente,527,679,1206,1,CENTRO ESCOLAR DEL NOROESTE *10446,2,2,LOS MOCHIS,SINALOA,25,82,2,15,0,2,7.13,18.94,1,M,1,1,2
2011,4,Cambio de plan,Pendiente,726,643,1369,2,COLEGIO ANAHUAC *10081,2,1,ZAPOPAN,JALISCO,15,74,1,0,0,1,8.25,18.39,1,M,1,1,2
2011,13,Egresado,Titulado,695,620,1315,2,PLANTEL EDUCATIVO SUBIRE * 010911,2,1,ZAPOPAN,JALISCO,15,77,1,0,0,1,8.38,19.09,2,M,1,0,0
2011,10,Egresado,Titulado,727,728,1455,2,UNIVERSIDAD DE COLIMA BACHILLERATO TECNICO # 1  *9380,1,2,COLIMA,COLIMA,9,88,2,35,35,2,9.13,18.12,1,F,2,0,3
2011,11,Egresado,Titulado,674,575,1249,2,PREPARATORIA REGIONAL DE SAYULA *10264,1,2,SAYULA,JALISCO,15,81,2,10,0,2,8.25,18.45,1,M,1,0,3
2011,15,Activo,Pendiente,491,671,1162,1,UNIVERSIDAD DE GUADALAJARA ESCUELA PREPARATORIA NO. 9 *10193,1,1,GUADALAJARA,JALISCO,15,80,2,35,35,2,8.13,19.08,2,M,1,0,0
2011,2,Baja,Pendiente,695,407,1102,1,BACHILLERATO INTERAMERICANO IFIMAC *2910,2,1,ZAPOPAN,JALISCO,15,82,2,0,0,1,7.75,18.19,1,M,1,1,1
2011,10,Egresado,Titulado,622,774,1396,2,COLEGIO REGIS *10424,2,2,HERMOSILLO,SONORA,26,90,3,0,40,2,9.13,18.11,1,M,1,0,3
2011,9,Egresado,Titulado,647,748,1395,2,INSTITUTO MEXICO DE BAJA CALIFORNIA *69290,2,2,TIJUANA,BAJA CALIFORNIA,2,85,2,20,40,2,9.63,17.96,1,M,1,0,3
2011,9,Egresado,Titulado,692,715,1407,2,COLEGIO REGIS *10424,2,2,HERMOSILLO,SONORA,26,95,3,50,0,2,9.75,18.97,2,M,1,0,3
2011,9,Baja,Pendiente,612,620,1232,2,SILVIANO CARRILLO *9553,2,2,CIUDAD GUZMAN,JALISCO,15,80,2,0,0,1,7.43,19.67,2,M,1,1,1
2011,1,Baja,Pendiente,545,586,1131,1,INSTITUTO LA SALLE DE CHIHUAHUA *9347,2,2,CHIHUAHUA,CHIHUAHUA,6,92,3,0,0,1,5.00,18.47,1,M,1,1,1
2011,10,Egresado,Titulado,718,761,1479,2,UNIVERSIDAD LATINA DE AMERICA * 00655,2,2,MORELIA,MICHOACAN,16,84,2,10,0,2,9.25,17.85,1,M,1,0,3
2011,14,Egresado,Titulado,527,620,1147,1,BACHILLERATO INTERNACIONAL JEFFERSON * 98754,2,2,MORELIA,MICHOACAN,16,78,1,20,40,2,9.00,19.25,2,M,1,0,0
2011,15,Activo,Pendiente,596,669,1265,2,BACHILLERATO INTERNACIONAL JEFFERSON * 98754,2,2,MORELIA,MICHOACAN,16,82,2,40,35,2,8.50,18.52,1,M,1,0,0
2011,10,Egresado,Titulado,562,699,1261,2,COLEGIO IT CAMPUS SANTA ANITA * 36644,2,1,TLAJOMULCO DE ZU헬GA,JALISCO,15,91,3,20,50,2,9.50,17.73,1,M,1,0,3
2011,10,Egresado,Titulado,529,530,1059,1,PROFESOR FRANCISCO ERRASQUIN GOMEZ * 060911,2,2,MINATITLAN,VERACRUZ,30,78,1,0,0,1,8.00,19.76,2,M,1,0,3
2011,8,Egresado,Titulado,741,699,0,3,COLEGIO CERVANTES BACHILLERATO *290811,2,1,GUADALAJARA,JALISCO,15,95,3,50,0,2,10.00,18.20,1,M,1,0,3
2011,14,Egresado,Pendiente,778,732,1510,2,I.T.E.S.M. CAMPUS GUADALAJARA *10072,2,1,GUADALAJARA,JALISCO,15,82,2,20,40,2,9.25,18.52,1,M,1,0,0
2011,14,Egresado,Titulado,570,530,1100,1,PREPARATORIA ANAHUAC REVOLUCION *10191,2,1,GUADALAJARA,JALISCO,15,76,1,0,0,1,8.38,19.39,2,M,1,0,0
2011,9,Baja,Pendiente,536,630,1166,1,UNIVERSIDAD DEL VALLE DE MEXICO CAMPUS GUADALAJARA *200704,2,1,TLAQUEPAQUE,JALISCO,15,85,2,40,35,2,8.75,19.63,2,F,2,1,1
2011,16,Baja,Pendiente,633,631,1264,2,SISTEMA EDUCATIVO NACIONAL *10345,1,2,COAHUILA,COAHUILA,8,77,1,0,0,1,7.00,22.23,3,M,1,0,0
2011,7,Baja,Pendiente,716,676,1392,2,UNIVERSIDAD AUTONOMA DE GUADALAJARA AC,2,1,GUADALAJARA,JALISCO,15,78,1,0,0,1,7.63,19.64,2,M,1,1,1
2011,10,Egresado,Pendiente,0,0,0,3,CENTRO DE ENSE헤NZA TECNICA INDUSTRIAL *10147,1,1,GUADALAJARA,JALISCO,15,93,3,50,25,2,9.75,19.10,2,F,2,0,3
2011,10,Egresado,Titulado,643,687,1330,2,BACHILLERATO DE LA UNIVERSIDAD DEL VALLE DE ATEMAJAC *10090,2,1,GUADALAJARA,JALISCO,15,89,2,20,30,2,9.13,18.70,1,M,1,0,3
2011,13,Baja,Pendiente,747,732,1479,2,I.T.E.S.M. CAMPUS GUADALAJARA *10072,2,1,GUADALAJARA,JALISCO,15,77,1,0,30,2,7.86,19.72,2,M,1,0,0
2011,16,Activo,Pendiente,778,721,1499,2,UNIVERSIDAD DE GUADALAJARA ESCUELA PREPARATORIA NO. 9 *10193,1,1,GUADALAJARA,JALISCO,15,78,1,50,30,2,8.25,18.83,1,M,1,0,0
2011,11,Egresado,Titulado,664,654,1318,2,INSTITUTO DE CIENCIAS *10059,2,1,GUADALAJARA,JALISCO,15,79,1,0,0,1,8.13,20.09,2,M,1,0,3
2011,13,Baja,Pendiente,560,631,1191,1,PREPARATORIA MEXICO *9555,2,2,CIUDAD GUZMAN,JALISCO,15,82,2,0,0,1,7.88,17.73,1,M,1,0,0
2011,16,Activo,Pendiente,0,0,0,3,COLEGIO ALEMAN DE GUADALAJARA *10064,2,1,ZAPOPAN,JALISCO,15,92,3,0,20,2,8.63,20.24,2,M,1,0,0
2011,13,Egresado,Titulado,716,609,1325,2,COLEGIO CERVANTES *10067,2,1,GUADALAJARA,JALISCO,15,65,1,0,0,1,8.00,20.16,2,M,1,0,0
2011,15,Activo,Pendiente,503,502,1005,1,PREPARATORIA REGIONAL DE TECOLOTLAN *10265,1,2,TECOLOTLAN,JALISCO,15,85,2,50,35,2,8.13,19.17,2,M,1,0,0
2011,5,Baja,Pendiente,622,699,1321,2,I.T.E.S.M. CAMPUS GUADALAJARA *10072,2,1,GUADALAJARA,JALISCO,15,79,1,0,0,1,7.38,19.99,2,M,1,1,1
2011,15,Activo,Pendiente,800,799,1599,2,COLEGIO PATRIA *9988,2,2,TUXPAM,VERACRUZ,30,76,1,30,35,2,7.57,19.41,2,M,1,0,0
2011,1,Baja,Pendiente,778,553,1331,2,UNIVERSIDAD DEL VALLE DE MEXICO CAMPUS GUADALAJARA NORTE *65704,2,1,ZAPOPAN,JALISCO,15,81,2,0,0,1,5.88,18.78,1,M,1,1,1
2011,4,Baja,Pendiente,548,512,1060,1,UNIVERSIDAD DEL VALLE DE MEXICO CAMPUS GUADALAJARA *200704,2,1,TLAQUEPAQUE,JALISCO,15,88,2,10,0,2,8.63,19.44,2,M,1,1,1
